ID	CONCEPT_A	CONCEPT_B	FREQUENCY
1	MONTH	MOON	1.00
2	TREE	WOOD	0.73
3	CLAW	FINGERNAIL	0.72
4	SON-IN-LAW (OF MAN)	SON-IN-LAW (OF WOMAN)	0.91
5	DAUGHTER-IN-LAW (OF MAN)	DAUGHTER-IN-LAW (OF WOMAN)	0.81
6	HEAR	LISTEN	0.35
7	LEATHER	SKIN	0.81
8	FLESH	MEAT	0.77
9	LANGUAGE	WORD	0.33
10	EARTH (SOIL)	LAND	0.55
11	DISH	PLATE	0.48
12	PATH	ROAD	0.42
13	BLUE	GREEN	0.37
14	CLIMB	GO UP (ASCEND)	0.37
15	FATHER-IN-LAW (OF MAN)	FATHER-IN-LAW (OF WOMAN)	0.65
16	HIGH	TALL	0.57
17	PLAIT OR BRAID OR WEAVE	WEAVE	0.50
18	FOOD	MEAL	0.43
19	HEAVEN	SKY	0.40
20	MALE	MAN	0.40
21	MOTHER-IN-LAW (OF MAN)	MOTHER-IN-LAW (OF WOMAN)	0.63
22	GRANDDAUGHTER	GRANDSON	0.46
23	MALE	MALE (OF PERSON)	0.43
24	FEMALE	FEMALE (OF ANIMAL)	0.43
25	OCEAN	SEA	0.33
26	HOW MANY	HOW MUCH	0.64
27	OLD	OLD MAN	0.35
28	LONG	TALL	0.28
29	WIFE	WOMAN	0.56
30	ARM	HAND	0.66
31	FOOT	LEG	0.65
32	FAT (ORGANIC SUBSTANCE)	OIL (ORGANIC SUBSTANCE)	0.32
33	BREAST	UDDER	0.24
34	CHARCOAL	EMBERS	0.22
35	BABY	CHILD (YOUNG HUMAN)	0.41
36	FEMALE	WOMAN	0.34
37	BLACK	DARK	0.26
38	EARTH (SOIL)	FLOOR	0.18
39	BARK	SKIN	0.47
40	GO UP (ASCEND)	RISE (MOVE UPWARDS)	0.31
41	CHIN	JAW	0.22
42	FEMALE (OF ANIMAL)	WOMAN	0.20
43	END (OF SPACE)	END (OF TIME)	0.42
44	DAY (NOT NIGHT)	SUN	0.37
45	NAPE (OF NECK)	NECK	0.24
46	BOY	CHILD (YOUNG HUMAN)	0.22
47	MOTHER'S BROTHER	UNCLE	0.52
48	POINTED	SHARP	0.36
49	HAVE	OWN	0.35
50	FUR	LEATHER	0.30
51	CLIMB	RISE (MOVE UPWARDS)	0.26
52	CORRECT (RIGHT)	GOOD	0.23
53	COUNTRY	LAND	0.62
54	LOOK	SEE	0.38
55	LEARN	STUDY	0.38
56	GO	LEAVE	0.30
57	BOOK	PAPER	0.18
58	CATCH	TAKE	0.18
59	LAGOON	LAKE	0.14
60	GO	WALK	0.65
61	SHOVEL	SPADE	0.43
62	CATCH	GRASP	0.42
63	BEFORE	IN FRONT OF	0.39
64	FUR	SKIN	0.37
65	CLOUD	FOG	0.36
66	KNOW (SOMETHING)	UNDERSTAND	0.32
67	NEPHEW	NIECE	0.27
68	AIR	WIND	0.18
69	NOW	TODAY	0.14
70	PADDLE	RUDDER	0.63
71	FATHER'S BROTHER	UNCLE	0.52
72	BE ALIVE	DWELL (LIVE, RESIDE)	0.50
73	FINGER	TOE	0.44
74	SMELL (PERCEIVE)	SNIFF	0.37
75	GET	TAKE	0.33
76	DO	MAKE	0.31
77	NECK	THROAT	0.27
78	AFTER	BEHIND	0.26
79	ASK (INQUIRE)	ASK (REQUEST)	0.23
80	RAW	UNRIPE	0.22
81	GRAIN	SEED	0.20
82	PLANT (SOMETHING)	SOW SEEDS	0.20
83	GRASP	TAKE	0.18
84	PEOPLE	PERSON	0.17
85	HE	SHE	0.17
86	FIND	MEET	0.15
87	HEAR	UNDERSTAND	0.15
88	AUNT	FATHER'S SISTER	0.49
89	RIVER	WATER	0.43
90	CATCH	HOLD	0.36
91	AGE	YEAR	0.25
92	BELLY	STOMACH	0.24
93	MALE (OF PERSON)	MAN	0.16
94	BAD	UGLY	0.15
95	FLOOR	LAND	0.15
96	CERTAIN	TRUE	0.13
97	NARROW	THIN (OF SHAPE OF OBJECT)	0.13
98	SAY	SPEAK	0.52
99	KEEP	PRESERVE	0.51
100	MONEY	SILVER	0.45
101	BOLT (OF LIGHTNING)	LIGHTNING	0.42
102	HAIR (BODY)	HAIR (HEAD)	0.39
103	FEW	SMALL	0.33
104	BELOW OR UNDER	DOWN OR BELOW	0.33
105	BUILD	DO OR MAKE	0.26
106	FEATHER	WING	0.24
107	FEATHER	HAIR (BODY)	0.24
108	FUR	HAIR (BODY)	0.22
109	CLOTH	CLOTHES	0.21
110	CLAY	MUD	0.19
111	BREAST	NIPPLE	0.17
112	LAND	WORLD	0.16
113	KETTLE	POT	0.16
114	BOAT	CANOE	0.55
115	AUNT	MOTHER'S SISTER	0.53
116	THINK (BELIEVE)	THINK (REFLECT)	0.39
117	COUNTRY	EARTH (SOIL)	0.24
118	CHILD (DESCENDANT)	CHILD (YOUNG HUMAN)	0.22
119	LAUGH	SMILE	0.20
120	PEEL	PULL OFF (SKIN)	0.17
121	LOVE	WANT	0.14
122	FLEE	RETREAT	0.12
123	FAMILY	RELATIVES	0.11
124	CORRECT (RIGHT)	STRAIGHT	0.49
125	HUSBAND	MAN	0.39
126	FIREWOOD	WOOD	0.37
127	BROTHER	SIBLING	0.36
128	YOUNGER BROTHER	YOUNGER SISTER	0.32
129	BEAUTIFUL	GOOD	0.27
130	FLEE	RUN	0.27
131	BROTHER	SISTER	0.24
132	COOKED	RIPE	0.22
133	DIVIDE	SEPARATE	0.20
134	WIDOW	WIDOWER	0.18
135	SMELL (PERCEIVE)	SMELL (STINK)	0.18
136	FOLLOW	PURSUE	0.17
137	TOWN	VILLAGE	0.17
138	BORROW	LEND	0.17
139	BOAT	SHIP	0.17
140	KILL	MURDER	0.15
141	HOLD	TAKE	0.13
142	SOUND OR NOISE	VOICE	0.55
143	LIFT	PICK UP	0.46
144	MAN	PERSON	0.30
145	HOT	WARM	0.28
146	GHOST	SPIRIT	0.25
147	DWELL (LIVE, RESIDE)	REMAIN	0.22
148	HUSBAND	WIFE	0.21
149	BOOT	SHOE	0.21
150	MEASURE	WEIGH	0.21
151	CIRCLE	ROUND	0.20
152	COIN	MONEY	0.17
153	BOWL	DISH	0.17
154	BIRD	FOWL	0.15
155	HE OR SHE OR IT	THEY	0.14
156	EARLY	MORNING	0.12
157	CHILD (DESCENDANT)	SON	0.11
158	DAUGHTER	GIRL	0.60
159	BOY	SON	0.55
160	WE	WE (INCLUSIVE)	0.45
161	BREAST	MILK	0.40
162	GRASP	HOLD	0.34
163	CHOP	CUT	0.33
164	BREAST	CHEST	0.28
165	CALL	SHOUT	0.25
166	HOUSE	HUT	0.19
167	BOWL	CUP	0.18
168	FEATHER	HAIR (HEAD)	0.17
169	BITTER	SOUR	0.15
170	CAVE	HOLE	0.15
171	COVER	SHUT	0.15
172	FEATHER	FUR	0.15
173	CATTLE	COW	0.14
174	LANGUAGE	VOICE	0.14
175	LISTEN	OBEY	0.14
176	LOW	SHORT	0.14
177	FIRE	FIREWOOD	0.14
178	EARTH (SOIL)	WORLD	0.11
179	HE	IT	0.11
180	IT	SHE	0.10
181	FATHER'S BROTHER	MOTHER'S BROTHER	0.31
182	BURN (SOMETHING)	BURNING	0.30
183	FINGERNAIL	FINGERNAIL OR TOENAIL	0.29
184	ARRIVE	COME	0.29
185	CATTLE	LIVESTOCK	0.28
186	BURN (SOMETHING)	LIGHT (IGNITE)	0.18
187	LEG	THIGH	0.17
188	CEASE	FINISH	0.16
189	OLD MAN	OLD WOMAN	0.14
190	DAUGHTER	SON	0.12
191	BUILD	MAKE	0.11
192	IDEA	MIND	0.11
193	HARD	STRONG	0.11
194	FIND	SEE	0.10
195	BIG	WIDE	0.09
196	HE	HE OR SHE OR IT	0.09
197	HE OR SHE OR IT	SHE	0.09
198	HIGH	UP	0.08
199	DIVIDE	SHARE	0.45
200	SIBLING	SISTER	0.33
201	FATHER'S SISTER	MOTHER'S SISTER	0.33
202	GREEN	UNRIPE	0.29
203	FAMINE	HUNGER	0.29
204	HAIR (BODY)	PUBIC HAIR	0.29
205	PRESS	SQUEEZE	0.26
206	WE	WE (EXCLUSIVE)	0.25
207	GLASS	MIRROR	0.21
208	DIG	HOLLOW OUT	0.20
209	GATHER	PICK UP	0.19
210	PLAIT	PLAIT OR BRAID OR WEAVE	0.17
211	VOICE	WORD	0.16
212	BE SILENT	QUIET	0.15
213	ASH	DUST	0.14
214	SHOUT	SHRIEK	0.13
215	FUR	HAIR (HEAD)	0.13
216	ORDER	SEND	0.12
217	HOUR	TIME	0.11
218	CHICKEN	HEN	0.11
219	HOW	WHAT	0.11
220	BEAK	NOSE	0.10
221	HEAR	OBEY	0.10
222	CHANGE	TRADE OR BARTER	0.09
223	DARKNESS	NIGHT	0.08
224	PAIN	SICK	0.36
225	WE (EXCLUSIVE)	WE (INCLUSIVE)	0.32
226	LAME	LIMP	0.25
227	LEARN	TEACH	0.25
228	CHIEFTAIN	KING	0.24
229	FISHHOOK	HOOK	0.17
230	CORRECT (RIGHT)	TRUE	0.17
231	STICK	TREE	0.17
232	BRIGHT	LIGHT (RADIATION)	0.15
233	POUND	STRIKE OR BEAT	0.14
234	DARK	DARKNESS	0.13
235	PAIR	TWO	0.13
236	FIELD	GARDEN	0.12
237	CHOP	CUT DOWN	0.11
238	BUTTER	FAT (ORGANIC SUBSTANCE)	0.11
239	BROTHER	COUSIN	0.10
240	HIGH	LONG	0.09
241	CHILD (YOUNG HUMAN)	SON	0.09
242	BEFORE	FIRST	0.09
243	BAKE	ROAST OR FRY	0.35
244	BOY	YOUNG MAN	0.25
245	PAN	POT	0.24
246	COUNT	READ	0.21
247	GRASS	HAY	0.18
248	TIME	WEATHER	0.18
249	POUCH	SACK	0.15
250	FIRE	FLAME	0.15
251	BARK	LEATHER	0.14
252	YOUNG	YOUNG MAN	0.13
253	BLAME	FAULT	0.13
254	TREE	TREE TRUNK	0.12
255	POTATO	SWEET POTATO	0.11
256	EGG	TESTICLES	0.11
257	BEAD	NECKLACE	0.10
258	FATHER-IN-LAW (OF MAN)	SON-IN-LAW (OF MAN)	0.09
259	FAST	SOON	0.09
260	AFTERNOON	LATE	0.09
261	OLD	OLD WOMAN	0.09
262	COUNT	MEASURE	0.09
263	BODY LOUSE	HEAD LOUSE	0.08
264	HALF	MIDDLE	0.08
265	GRASS	PASTURE	0.08
266	LIGHT (COLOR)	WHITE	0.07
267	DENY	REFUSE	0.41
268	EWE	SHEEP	0.32
269	CLEVER	WISE	0.31
270	LIE DOWN	SLEEP	0.30
271	FIELD	PLAIN	0.29
272	DWELL (LIVE, RESIDE)	SIT	0.28
273	AXE	BATTLE-AXE	0.28
274	GIRL	YOUNG WOMAN	0.26
275	CATCH	TRAP (CATCH)	0.26
276	HILL	MOUNTAIN	0.25
277	EDGE	SHORE	0.23
278	SWEET POTATO	YAM	0.22
279	HOME	HOUSE	0.22
280	KNOW (SOMETHING)	LEARN	0.19
281	DISAPPEAR	LOSE	0.18
282	CLAY	EARTH (SOIL)	0.18
283	BUTTER	OIL (ORGANIC SUBSTANCE)	0.17
284	CARRY	CARRY IN HAND	0.16
285	STEPDAUGHTER	STEPSON	0.16
286	TASTE (SOMETHING)	TRY	0.15
287	SERVANT	SLAVE	0.15
288	TURN	TURN (SOMETHING)	0.14
289	SPEAK	SPEECH	0.14
290	SHOOT	THROW	0.14
291	FIGHT	QUARREL	0.12
292	PICK UP	TAKE	0.11
293	FIREWOOD	TREE	0.10
294	BOWL	PLATE	0.09
295	MEET	SEE	0.08
296	HE OR SHE OR IT	IT	0.08
297	NARROW	SMALL	0.07
298	HOWL	SHOUT	0.07
299	BRIGHT	SHINE	0.07
300	BEE	HONEY	0.07
301	CHILD (YOUNG HUMAN)	GIRL	0.07
302	GOURD	PUMPKIN	0.41
303	CROWD	MANY	0.22
304	FAULT	MISTAKE	0.21
305	DRAW MILK	SQUEEZE	0.20
306	BEAM	RAFTER	0.20
307	EYEBROW	EYELASH	0.20
308	MELT	THAW (DEW)	0.19
309	DEMON	GHOST	0.18
310	MAD	STUPID	0.17
311	EDGE	SIDE	0.17
312	DYE	PAINTING	0.17
313	WHAT	WHO	0.16
314	THOU	YOU	0.16
315	CARRY	TAKE	0.16
316	HUSBAND	MALE	0.15
317	ROPE	THREAD	0.15
318	FAR	LONG	0.15
319	BLACK	DIRTY	0.12
320	SEASON	TIME	0.12
321	DRIBBLE	DRIP (EMIT LIQUID)	0.11
322	MORNING	TOMORROW	0.11
323	ICE	SNOW	0.10
324	CEASE	STAND	0.10
325	FEW	SOME	0.09
326	GRANDMOTHER	OLD WOMAN	0.09
327	SPIN	TWIST	0.09
328	CLOTHES	DRESS	0.09
329	DAY (24 HOURS)	DAY (NOT NIGHT)	0.09
330	BOY	GIRL	0.09
331	NIPPLE	UDDER	0.08
332	GATHER	JOIN	0.08
333	PLANT (VEGETATION)	TREE	0.07
334	COUSIN	SISTER	0.07
335	SMELL (STINK)	SNIFF	0.07
336	FATHER	FATHER'S BROTHER	0.07
337	REMEMBER	THINK (REFLECT)	0.07
338	BALL	ROUND	0.07
339	BAD	WRONG	0.07
340	POST	TREE	0.07
341	ROAD	STREET	0.07
342	LISTEN	UNDERSTAND	0.07
343	LATCH	LOCK	0.07
344	FEMALE (OF PERSON)	WOMAN	0.06
345	POST	WOOD	0.06
346	BATHE	WASH	0.43
347	OVEN	STOVE	0.42
348	FLOAT	SWIM	0.29
349	FORK	PITCHFORK	0.29
350	BULL	OX	0.27
351	COLOR	PAINT (PIGMENTS)	0.24
352	HEART	SPIRIT	0.23
353	CALM	QUIET	0.19
354	BRING	CARRY	0.19
355	HOLD	KEEP	0.18
356	DRIP (FALL IN GLOBULES)	FALL	0.18
357	ROT	SPOIL (BECOME SPOILED)	0.18
358	BRANCH	FORKED BRANCH	0.17
359	COLLAR	NECK	0.17
360	CALCULATE	COUNT	0.17
361	EVENING	NIGHT	0.17
362	CARRY	CARRY ON SHOULDER	0.16
363	BEND	CROOKED	0.16
364	DECEIT	LIE (MISLEAD)	0.15
365	AFTERWARDS	THEN	0.14
366	DRIVE	GO	0.14
367	ARMY	SOLDIER	0.13
368	FALL	TUMBLE (FALL DOWN)	0.12
369	ANIMAL	LIVESTOCK	0.12
370	NEEDLE (FOR SEWING)	PIN	0.11
371	SPEECH	WORD	0.11
372	MOORLAND	SWAMP	0.11
373	CARRY IN HAND	HOLD	0.11
374	FIND	GET	0.11
375	IMMEDIATELY	SOON	0.10
376	GARDEN-HOUSE	HUT	0.10
377	HOWL	SHRIEK	0.10
378	SPEAK	TELL	0.10
379	FIREPLACE	STOVE	0.10
380	WHAT	WHICH	0.09
381	GO OUT	LEAVE	0.09
382	SHELL	SNAIL	0.08
383	FEEL	TOUCH	0.08
384	FOWL	HEN	0.08
385	FEEL	HEAR	0.08
386	FEMALE (OF ANIMAL)	FEMALE (OF PERSON)	0.08
387	FLY (MOVE THROUGH AIR)	JUMP	0.08
388	HUSBAND	MALE (OF PERSON)	0.07
389	CORPSE	DIE	0.07
390	BESIDE	SIDE	0.07
391	ABOVE	UP	0.07
392	COUNTRY	WORLD	0.07
393	SMOOTH	SOFT	0.07
394	BEE	WASP	0.07
395	DESTROY	INJURE	0.07
396	END (OF SPACE)	LAST (FINAL)	0.07
397	CHICKEN	ROOSTER	0.06
398	GIVE	LEND	0.06
399	MALE (OF ANIMAL)	MAN	0.06
400	CHILD (DESCENDANT)	DAUGHTER	0.06
401	LANGUAGE	TONGUE	0.61
402	CLOCK	HOUR	0.42
403	LIP	MOUTH	0.30
404	ACCUSE	BLAME	0.21
405	HAIR (HEAD)	PUBIC HAIR	0.20
406	CLOUD	SKY	0.20
407	CHILD (DESCENDANT)	DESCENDANTS	0.18
408	CALL	CALL BY NAME	0.18
409	BOIL (OF LIQUID)	COOK (SOMETHING)	0.17
410	CLAW	FINGERNAIL OR TOENAIL	0.17
411	SPEAK	TALK	0.17
412	BOAR	PIG	0.16
413	PATH OR ROAD	ROAD	0.16
414	BRACKISH	SALTY	0.15
415	CLAW	PAW	0.15
416	SAY	TELL	0.13
417	POWERFUL	STRONG	0.12
418	DRESS	SHIRT	0.12
419	CUT	MOW	0.12
420	MAKE	PRODUCE	0.11
421	LIGHT (COLOR)	LIGHT (RADIATION)	0.10
422	EAT	FOOD	0.10
423	DOWN OR BELOW	LOW	0.10
424	FEMALE	WIFE	0.10
425	BACK	UPPER BACK	0.10
426	KEY	LOCK	0.10
427	BATHE	SWIM	0.10
428	LANGUAGE	SPEECH	0.10
429	BIG	THICK	0.09
430	OLDER BROTHER	OLDER SISTER	0.09
431	FORBID	PREVENT	0.09
432	MIND	SPIRIT	0.09
433	REMAIN	SIT	0.09
434	BEAK	MOUTH	0.09
435	DROWN	SINK (DESCEND)	0.09
436	PART	PIECE	0.08
437	EAGLE	HAWK	0.08
438	DUST	EARTH (SOIL)	0.08
439	DAUGHTER-IN-LAW (OF MAN)	SON-IN-LAW (OF WOMAN)	0.08
440	SQUEEZE	TWIST	0.08
441	COUNTRY	NATIVE COUNTRY	0.08
442	MALE (OF ANIMAL)	MALE (OF PERSON)	0.08
443	OLDER SISTER	SISTER	0.08
444	LAND	MAINLAND	0.08
445	FENCE	WALL (OF HOUSE)	0.08
446	TREE STUMP	TREE TRUNK	0.07
447	GOOD	HEALTHY	0.07
448	DAY (NOT NIGHT)	LIGHT (RADIATION)	0.07
449	FOG	SMOKE (EXHAUST)	0.07
450	ARROW	BOW	0.07
451	CATCH	GET	0.07
452	GRANDCHILD	GRANDSON	0.06
453	DAY (NOT NIGHT)	WEATHER	0.06
454	SUMMER	YEAR	0.06
455	HARE	RABBIT	0.06
456	FEVER	HOT	0.06
457	MILK	UDDER	0.06
458	DAUGHTER-IN-LAW (OF WOMAN)	MOTHER-IN-LAW (OF MAN)	0.06
459	KNOW (SOMETHING)	SEE	0.06
460	CANDLE	TORCH OR LAMP	0.05
461	FATHER-IN-LAW (OF WOMAN)	SON-IN-LAW (OF WOMAN)	0.05
462	CULTIVATE	SOW SEEDS	0.05
463	LOCK	PADLOCK	0.05
464	FATHER-IN-LAW (OF MAN)	MOTHER'S BROTHER	0.05
465	CIGARETTE	TOBACCO	0.04
466	SHAKE	SHIVER	0.30
467	BRIGHT	LIGHT (COLOR)	0.29
468	GREEDY	STINGY	0.29
469	HIP	THIGH	0.27
470	PULL	STRETCH	0.26
471	END (OF TIME)	FINISH	0.21
472	GRASP	TRAP (CATCH)	0.21
473	HIDE (CONCEAL)	HIDE (ONESELF)	0.19
474	PIG	SOW (FEMALE PIG)	0.19
475	DRINK	EAT	0.19
476	BOLT (MOVE IN HASTE)	HURRY	0.16
477	BEAM	RIDGEPOLE	0.16
478	ESCAPE	FLEE	0.15
479	GRANDFATHER	GRANDMOTHER	0.14
480	LOOK	WATCH	0.14
481	BREAK (DESTROY OR GET DESTROYE	SPLIT	0.14
482	SIT	SIT DOWN	0.14
483	BEAT	HIT	0.13
484	BACK (DIRECTION)	BACKWARD	0.13
485	FLOW	STREAM (FLOW CONTINUOUSLY)	0.12
486	CLAW OR NAIL	FINGERNAIL	0.12
487	HEAD	TOP	0.12
488	CARRY	CARRY ON HEAD	0.12
489	ONCE (IN THE PAST)	ONE TIME	0.12
490	LAKE	SEA	0.11
491	CHIEFTAIN	MASTER	0.11
492	FIR	PINE	0.11
493	IMMEDIATELY	NOW	0.10
494	DISH	SAUCER	0.10
495	BIG	MANY	0.10
496	EARTH (SOIL)	MAINLAND	0.10
497	EXTINGUISH	KILL	0.09
498	PLATE	SAUCER	0.09
499	INSECT	WORM	0.09
500	OPEN	UNTIE	0.09
501	IDEA	INTENTION	0.09
502	FISHNET	NETBAG	0.09
503	CUT	CUT DOWN	0.09
504	BODY	SKIN	0.09
505	CUSTOM	MANNER	0.09
506	FUR	WOOL	0.09
507	MARRIED WOMAN	WIFE	0.08
508	COUSIN	SIBLING	0.08
509	SMALL	YOUNG	0.08
510	BROTHER	YOUNGER BROTHER	0.08
511	KILL	STRIKE OR BEAT	0.08
512	DAUGHTER-IN-LAW (OF MAN)	SON-IN-LAW (OF MAN)	0.08
513	ROTTEN	STINKING	0.08
514	BROTHER	OLDER BROTHER	0.08
515	COME	GO	0.08
516	BULL	COW	0.08
517	ENOUGH	MANY	0.07
518	BITE	EAT	0.07
519	SISTER	YOUNGER SISTER	0.07
520	HEAD	SKULL	0.07
521	GUN	WEAPONS	0.07
522	CLOUD	SMOKE (EXHAUST)	0.07
523	EXPLAIN	TEACH	0.07
524	BRASS INSTRUMENT (HORN OR TRUMPET)	FLUTE	0.07
525	EAR	EARLOBE	0.07
526	FEMALE (OF ANIMAL)	WIFE	0.07
527	SHORT	SMALL	0.07
528	BRIDGE	LADDER	0.07
529	GRIND	SQUEEZE	0.06
530	DIVE	SINK (DESCEND)	0.06
531	GOAT	HE-GOAT	0.06
532	DOORPOST	POST	0.06
533	AT	IN	0.06
534	BATTLE	QUARREL	0.06
535	MOTHER	MOTHER'S SISTER	0.06
536	LEAF	LEAF (LEAFLIKE OBJECT)	0.06
537	HOLD	OWN	0.06
538	BOARD	WOOD	0.06
539	MOON	SUN	0.06
540	FACE	FOREHEAD	0.06
541	CRY	HOWL	0.06
542	AFTERNOON	EVENING	0.06
543	TREE TRUNK	WOOD	0.06
544	CLOTHES	SHIRT	0.06
545	DAY (NOT NIGHT)	TIME	0.05
546	HAIR (BODY)	WOOL	0.05
547	CLUB	TREE	0.05
548	FLOOR	WORLD	0.05
549	FATHER'S SISTER	MOTHER-IN-LAW (OF MAN)	0.05
550	CLOTH	RAG	0.05
551	CLUB	WOOD	0.04
552	TOP	UP	0.04
553	MUD	SWAMP	0.04
554	HOST	MASTER	0.30
555	HOUSE	ROOM	0.30
556	STUDY	TEACH	0.22
557	GATHER	PILE UP	0.21
558	BEARD	CHIN	0.21
559	DAY AFTER TOMORROW	DAY BEFORE YESTERDAY	0.20
560	CHIME (ACTION)	RING (MAKE SOUND)	0.17
561	BEAUTIFUL	GOOD-LOOKING	0.16
562	CLEAR	LIGHT (COLOR)	0.16
563	DISTANCE	GAP (DISTANCE)	0.16
564	READ	STUDY	0.16
565	FLAT	SMOOTH	0.15
566	TIE	TIE UP (TETHER)	0.15
567	BREAK (CLEAVE)	BREAK (DESTROY OR GET DESTROYE	0.15
568	EARTH (SOIL)	GROUND	0.15
569	ROOF	THATCH	0.14
570	TURN (SOMETHING)	TURN AROUND	0.14
571	WHICH	WHO	0.13
572	EARTH (SOIL)	SAND	0.13
573	CULTIVATE	PLOUGH	0.13
574	CHOP	SPLIT	0.12
575	EYE	FACE	0.12
576	DEFEND	PRESERVE	0.11
577	CHILI PEPPER	PEPPER	0.11
578	FLOW	RUN	0.11
579	RAIN (PRECIPITATION)	WATER	0.11
580	MISTAKE	WRONG	0.11
581	THAT	THIS	0.11
582	BEND	FOLD	0.10
583	BUTTOCKS	HIP	0.10
584	BOOK	LETTER	0.10
585	CAMPFIRE	FIRE	0.10
586	CONCEIVE	PREGNANT	0.10
587	CATCH	SEIZE	0.09
588	CHEEK	JAW	0.09
589	GIVE	SELL	0.09
590	SEPARATE	SHARE	0.08
591	BUDGE (ONESELF)	MOVE (ONESELF)	0.08
592	HARD	SOLID	0.08
593	PASTURE	PLAIN	0.08
594	DINNER (SUPPER)	MEAL	0.08
595	SCAR	WOUND	0.08
596	BRAIN	MIND	0.08
597	DRESS	SKIRT	0.08
598	FRUIT	SEED	0.08
599	BITE	CHEW	0.08
600	BUY	SELL	0.07
601	MESSAGE	NEWS	0.07
602	GUARD	KEEP	0.07
603	CLAN	PEOPLE	0.07
604	DINNER (SUPPER)	LUNCH	0.07
605	BIG	TALL	0.07
606	LAMB	SHEEP	0.07
607	LET GO OR SET FREE	UNTIE	0.07
608	MARRY	WEDDING	0.07
609	COME BACK	TURN (SOMETHING)	0.07
610	SALT	SALTY	0.07
611	COIN	SILVER	0.07
612	BOUNDARY	EDGE	0.06
613	SEEM	SIMILAR	0.06
614	FAST	HURRY	0.06
615	CARRY IN HAND	CARRY UNDER ARM	0.06
616	END (OF TIME)	LAST (FINAL)	0.06
617	GRANDFATHER	OLD MAN	0.06
618	THROAT	VOICE	0.06
619	BOTTOM	BUTTOCKS	0.06
620	COUNTRY	VILLAGE	0.06
621	FIRE	LIGHT (RADIATION)	0.06
622	BALL	CIRCLE	0.06
623	ARM	WING	0.06
624	CUT	SPLIT	0.06
625	SPEAK	WORD	0.06
626	NORTH	SOUTH	0.06
627	BEND	TWIST	0.05
628	FISHING LINE	THREAD	0.05
629	AGAIN	AND	0.05
630	BREAK (DESTROY OR GET DESTROYED)	BROKEN	0.05
631	HEN	ROOSTER	0.05
632	BORE	HOLLOW OUT	0.05
633	IT	THAT	0.05
634	DAUGHTER-IN-LAW (OF MAN)	MOTHER-IN-LAW (OF MAN)	0.05
635	BATTLE	FIGHT	0.05
636	GREEN	YELLOW	0.05
637	DAUGHTER-IN-LAW (OF MAN)	MOTHER-IN-LAW (OF WOMAN)	0.05
638	FATHER'S SISTER	MOTHER-IN-LAW (OF WOMAN)	0.05
639	MEDICINE	POISON	0.05
640	GREEN	RAW	0.05
641	GRANDCHILD	GRANDDAUGHTER	0.04
642	RISE (MOVE UPWARDS)	STAND	0.04
643	SALTY	SOUR	0.04
644	THICK	WIDE	0.04
645	DAUGHTER-IN-LAW (OF MAN)	FATHER-IN-LAW (OF WOMAN)	0.04
646	FOOT	FOOTPRINT	0.04
647	BELOW OR UNDER	INSIDE	0.04
648	BUY	PAY	0.04
649	LET GO OR SET FREE	LIBERATE	0.04
650	PRICE	WAGES	0.04
651	FORBID	REFUSE	0.04
652	GET	PICK UP	0.04
653	TAKE	TRAP (CATCH)	0.04
654	DIRTY	UGLY	0.04
655	MOSQUITO	SANDFLY	0.34
656	EASY	LIGHT (WEIGHT)	0.33
657	BESIDE	NEAR	0.29
658	BRUSH	COMB	0.29
659	DYE	PAINT (PIGMENTS)	0.27
660	BE ALIVE	LIFE	0.23
661	GRANDSON	NEPHEW	0.20
662	BUY	TAKE	0.19
663	DRAG	PULL	0.19
664	GRANDDAUGHTER	NIECE	0.18
665	BLOW (OF WIND)	BLOW (WITH MOUTH)	0.17
666	TOMORROW	YESTERDAY	0.16
667	LAY (VERB)	PUT	0.15
668	JOG (SOMETHING)	SHAKE	0.14
669	AMOUNT	COUNT (QUANTITY)	0.14
670	BITTER	SALTY	0.13
671	LINE	STROKE (OF PEN)	0.13
672	LIKE	LOVE	0.13
673	CORRECT (RIGHT)	RIGHT	0.13
674	GRIND	PRESS	0.13
675	EDGE	FRINGE	0.12
676	CONDEMN	CONVICT	0.12
677	SOUND OR NOISE	TONE (MUSIC)	0.11
678	LEAVE	WALK	0.10
679	STOMACH	WOMB	0.10
680	MOLAR TOOTH	TOOTH	0.10
681	BAD	EVIL	0.10
682	STORM	WIND	0.10
683	CIRCLE	WHEEL	0.10
684	BODY	CORPSE	0.09
685	COAST	SHORE	0.09
686	RED	RIPE	0.09
687	BELIEVE	THINK (BELIEVE)	0.09
688	GUESS	THINK (REFLECT)	0.09
689	CULTIVATE	PLANT (SOMETHING)	0.09
690	TONE (MUSIC)	VOICE	0.08
691	RUB	SCRAPE	0.08
692	KNIFE	SWORD	0.08
693	CHAT (WITH SOMEBODY)	TALK	0.08
694	ALCOHOL (FERMENTED DRINK)	WINE	0.08
695	HALF	PART	0.08
696	IDOL	STATUE	0.08
697	BELOW OR UNDER	BOTTOM	0.08
698	BE LATE	LATE	0.07
699	ASK (REQUEST)	PRAY	0.07
700	DAUGHTER-IN-LAW (OF WOMAN)	SON-IN-LAW (OF WOMAN)	0.07
701	SMELL (STINK)	STINKING	0.07
702	DISEASE	PAIN	0.07
703	FIN	WING	0.07
704	DIFFICULT	HARD	0.07
705	SPREAD OUT	STRETCH	0.07
706	ALONE	ONLY	0.07
707	SOFT	WEAK	0.07
708	HAVE	HOLD	0.07
709	NO	NOT	0.06
710	MARRIED WOMAN	WOMAN	0.06
711	MAT	RUG	0.06
712	DAY (24 HOURS)	SUN	0.06
713	CHICKEN	FOWL	0.06
714	LIGHTNING	THUNDER	0.06
715	DEFEND	RESCUE	0.06
716	BUILD	PRODUCE	0.06
717	FEATHER	PUBIC HAIR	0.06
718	BOLT (OF LIGHTNING)	THUNDER	0.06
719	HAVE	KEEP	0.06
720	INTESTINES	STOMACH	0.06
721	DIVIDE	SPLIT	0.06
722	ROPE	VINE	0.06
723	BRING	TAKE	0.06
724	KEEP	OWN	0.06
725	DISEASE	SICK	0.06
726	ARROW	SPEAR	0.06
727	LOW	SHALLOW	0.06
728	IN	INSIDE	0.06
729	EDGE	MOUTH	0.06
730	CUP	DISH	0.05
731	HUSBAND	MARRIED MAN	0.05
732	JUG	POT	0.05
733	BURY	HIDE (CONCEAL)	0.05
734	ADOBE	BRICK	0.05
735	BOAST	PROUD	0.05
736	MUMBLE	WHISPER	0.05
737	BLOW (OF WIND)	FAN ACTION	0.05
738	FAST	IMMEDIATELY	0.05
739	YOUNG MAN	YOUNG WOMAN	0.05
740	HEAR	SMELL (PERCEIVE)	0.05
741	BELOW OR UNDER	DOWN	0.05
742	BELIEVE	OBEY	0.05
743	DEAD	DIE	0.05
744	VAGINA	VULVA	0.05
745	BEER	WINE	0.05
746	HOW	WHERE	0.04
747	END (OF SPACE)	TOP	0.04
748	BEHIND	LAST (FINAL)	0.04
749	FISHING LINE	ROPE	0.04
750	PLAIT	WEAVE	0.04
751	MIND	THINK (REFLECT)	0.04
752	MEASURE	TRY	0.04
753	ANNOUNCE	TELL	0.04
754	FISH POISON	POISON	0.04
755	COME BACK	RETURN HOME	0.04
756	FLEA	LOUSE	0.04
757	DAUGHTER-IN-LAW (OF WOMAN)	MOTHER-IN-LAW (OF WOMAN)	0.04
758	HOW	WHY	0.04
759	GO DOWN (DESCEND)	LAND (DESCEND)	0.04
760	CERTAIN	CORRECT (RIGHT)	0.04
761	HIP	WAIST	0.04
762	MOTHER-IN-LAW (OF WOMAN)	SON-IN-LAW (OF WOMAN)	0.04
763	GROAN	SHRIEK	0.04
764	RED	YELLOW	0.04
765	FATHER-IN-LAW (OF WOMAN)	SON-IN-LAW (OF MAN)	0.04
766	HOUSE	ROOF	0.04
767	STRIKE OR BEAT	THRESH	0.04
768	BIG	HIGH	0.04
769	CARCASS	CORPSE	0.04
770	NOW	SOON	0.04
771	BARK	SHELL	0.04
772	COMMON COLD (DISEASE)	NASAL MUCUS (SNOT)	0.04
773	NEED (NOUN)	WANT	0.04
774	HEART	MIND	0.03
775	DITCH	HOLE	0.03
776	BOIL (OF SKIN)	SWELLING	0.03
777	ONE	ONLY	0.26
778	AIR	WEATHER	0.23
779	BODY	FLESH	0.21
780	GRASS	PLANT (VEGETATION)	0.18
781	HIT	KILL	0.16
782	KISS	SUCK	0.15
783	RAM	SHEEP	0.15
784	BRAVE	DARE	0.12
785	PLACE (POSITION)	SPACE (AVAILABLE)	0.12
786	CALL	INVITE	0.12
787	EYELASH	EYELID	0.11
788	SMOKE (EXHAUST)	SMOKE (INHALE)	0.10
789	BEAT	KNOCK	0.10
790	BECOME	HAPPEN	0.10
791	AREA	PLACE (POSITION)	0.10
792	BREAK (DESTROY OR GET DESTROYED)	DESTROY	0.10
793	BUY	GET	0.09
794	CARRY ON HEAD	CARRY ON SHOULDER	0.09
795	HORSE	STALLION	0.09
796	DOUBT	SUSPECT	0.09
797	ELBOW	KNEE	0.09
798	DRINK	SUCK	0.09
799	COLD (CHILL)	FROST	0.09
800	LOUD	STRONG	0.09
801	CARRY IN HAND	CARRY ON HEAD	0.09
802	EDGE	END (OF SPACE)	0.09
803	BE	DWELL (LIVE, RESIDE)	0.08
804	RIGHT	STRAIGHT	0.08
805	BE LATE	SLOW	0.08
806	BE ALIVE	RAW	0.08
807	HEAT	HOT	0.08
808	NEW	YOUNG	0.07
809	DARK	NIGHT	0.07
810	FLAT	PLAIN	0.07
811	DIE	KILL	0.07
812	CARRY	CARRY UNDER ARM	0.07
813	PAIN	WOUND	0.07
814	BONE	LEG	0.07
815	BOARD	SHELF	0.07
816	CLAN	RELATIVES	0.06
817	CITIZEN	PEOPLE	0.06
818	BOARD	TABLE	0.06
819	ALCOHOL (FERMENTED DRINK)	BEER	0.06
820	SKY	WEATHER	0.06
821	HORSE	MARE	0.06
822	BELT	STRAP	0.06
823	GRANDMOTHER	MOTHER-IN-LAW (OF WOMAN)	0.06
824	GROW	RISE (MOVE UPWARDS)	0.06
825	LAZY	WEAK	0.06
826	ANXIETY	GRIEF	0.06
827	RIPE	YELLOW	0.06
828	COUNTRY	MAINLAND	0.06
829	LANGUAGE	SPEAK	0.06
830	DO OR MAKE	SAY	0.06
831	KING	QUEEN	0.05
832	DAMP	WET	0.05
833	CHEEK	FACE	0.05
834	BUILD	DO	0.05
835	SHADE	SPIRIT	0.05
836	ORDER	RULE	0.05
837	SUNDAY	WEEK	0.05
838	FATHER-IN-LAW (OF MAN)	SON-IN-LAW (OF WOMAN)	0.05
839	SEPARATE	SPLIT	0.05
840	DINNER (SUPPER)	FOOD	0.04
841	COW	OX	0.04
842	FATHER-IN-LAW (OF MAN)	MOTHER-IN-LAW (OF WOMAN)	0.04
843	STEAL	THIEF	0.04
844	COOK (SOMETHING)	COOKED	0.04
845	FEEL	SMELL (PERCEIVE)	0.04
846	LAND	PLACE (POSITION)	0.04
847	PREACH	SPEECH	0.04
848	CLAY	LAND	0.04
849	LIE (MISLEAD)	PERJURY	0.04
850	KEEP	PUT	0.04
851	EXPLAIN	TELL	0.04
852	MISS (A TARGET)	MISTAKE	0.04
853	APPROACH	ARRIVE	0.04
854	BOWL	SAUCER	0.04
855	TURN	TWIST	0.04
856	GET	OWN	0.04
857	FINGER	HAND	0.04
858	CLOTH	DRESS	0.04
859	THING	WHAT	0.04
860	BEAK	TOOTH	0.04
861	FRUIT	GRAIN	0.04
862	ARM	BRANCH	0.04
863	AIR	BREATHE	0.04
864	HUT	TENT	0.04
865	DAMAGE	DESTROY	0.04
866	COLLAR	NECKLACE	0.04
867	FISH TRAP	FISHNET	0.04
868	COUSIN	YOUNGER SISTER	0.04
869	SELL	TRADE OR BARTER	0.04
870	COUNTRY	TOWN	0.04
871	COLLAR	THROAT	0.04
872	FUR	PUBIC HAIR	0.04
873	CHILD-IN-LAW	SON-IN-LAW (OF WOMAN)	0.03
874	BABY	BOY	0.03
875	COUSIN	NIECE	0.03
876	BURN (SOMETHING)	ROAST OR FRY	0.03
877	LINE	THREAD	0.03
878	BECAUSE	CAUSE	0.03
879	DEEP	TALL	0.03
880	FATHER-IN-LAW (OF WOMAN)	MOTHER'S BROTHER	0.03
881	COUNT	WEIGH	0.03
882	NUT	SEED	0.03
883	ROUGH (OF SEA)	WAVE	0.03
884	FATHER-IN-LAW (OF WOMAN)	MOTHER-IN-LAW (OF MAN)	0.03
885	LIGHT (RADIATION)	SHINE	0.03
886	I	WE	0.03
887	BOWL	POT	0.03
888	FATHER-IN-LAW (OF MAN)	UNCLE	0.03
889	REMEMBER	THINK (BELIEVE)	0.03
890	GET	HAVE	0.03
891	LEARN	READ	0.21
892	ADZE	AXE	0.19
893	CHIEFTAIN	HEAD	0.18
894	RUB	WIPE	0.16
895	DIFFICULT	HEAVY	0.15
896	CAST	POUR	0.15
897	HOLD	TRAP (CATCH)	0.15
898	DEMON	SPIRIT	0.13
899	BRIGHT	CLEAR	0.13
900	CARVE	CHOP	0.13
901	COOK (SOMETHING)	PREPARE	0.13
902	ITEM	THING	0.13
903	DONATE	GIVE	0.12
904	FINGERNAIL OR TOENAIL	PAW	0.12
905	CONNECT	TIE	0.11
906	GUESS	THINK (BELIEVE)	0.11
907	BE BORN	BEGET	0.10
908	BARK	SKIN (OF FRUIT)	0.10
909	DEFEND	PROTECT	0.09
910	QUIET	SLOW	0.09
911	DIE	DIE (FROM ACCIDENT)	0.09
912	LET GO OR SET FREE	PERMIT	0.09
913	GRIEF	PAIN	0.08
914	PINCH	SQUEEZE	0.08
915	LOOK	LOOK FOR	0.08
916	ANNOUNCE	SAY	0.08
917	FAULT	WRONG	0.08
918	LEG	LOWER LEG	0.08
919	BABY	CHILD (DESCENDANT)	0.08
920	DARK	OBSCURE	0.07
921	ADJUDICATE	CONDEMN	0.07
922	TURN (SOMETHING)	TWIST	0.07
923	ARM	LOWER ARM	0.07
924	FLOCK (OF ANIMALS)	SWARM (OF BIRDS)	0.07
925	FIREPLACE	OVEN	0.07
926	ROLL	TURN	0.07
927	AUNT	UNCLE	0.06
928	GIVE	PUT	0.06
929	FOLD	WRAP	0.06
930	PIECE	SLICE	0.06
931	HE-GOAT	RAM	0.06
932	ALWAYS	OFTEN	0.06
933	PRESS	PUSH	0.06
934	LATE	SLOW	0.06
935	DISTURB	HINDER	0.06
936	SWING (MOVEMENT)	SWING (SOMETHING)	0.06
937	HAND	PALM OF HAND	0.06
938	FEATHER	WOOL	0.06
939	DEBT	OWE	0.06
940	EXPLAIN	SAY	0.06
941	FOREST	TREE	0.06
942	LIGHT (RADIATION)	TORCH OR LAMP	0.06
943	MIX	MOVE	0.06
944	BEAK	LIP	0.06
945	BE ABLE	KNOW (SOMETHING)	0.06
946	KING	MASTER	0.05
947	HIT	KNOCK	0.05
948	FATHER-IN-LAW (OF WOMAN)	GRANDFATHER	0.05
949	TORTOISE	TURTLE	0.05
950	PRAY	WORSHIP	0.05
951	DAUGHTER-IN-LAW (OF WOMAN)	SON-IN-LAW (OF MAN)	0.05
952	DRIVE	WALK	0.05
953	DAUGHTER	NIECE	0.05
954	DRINK	SMOKE (INHALE)	0.05
955	DAMAGE	SPOIL (SOMEBODY OR SOMETHING)	0.05
956	EARN	GET	0.05
957	FEEL	UNDERSTAND	0.05
958	HEALTHY	STRONG	0.05
959	ADJUDICATE	JUDGMENT	0.05
960	GET	GRASP	0.05
961	EDGE	LIP	0.04
962	BREAK (OF ROPE)	TEAR (SHRED)	0.04
963	COME	COME BACK	0.04
964	BREAK (CLEAVE)	DESTROY	0.04
965	DREAM (SOMETHING)	SLEEP	0.04
966	COME BACK	GIVE BACK	0.04
967	CLOTHES	PUT ON	0.04
968	PRISONER	SLAVE	0.04
969	GOOD	RIGHT	0.04
970	NEPHEW	SON	0.04
971	FRESH	NEW	0.04
972	FRONT TOOTH (INCISOR)	TOOTH	0.04
973	TIRED	WEAK	0.04
974	WHAT	WHY	0.04
975	HOPE	WANT	0.04
976	DARKNESS	OBSCURE	0.04
977	ENTER	SET (HEAVENLY BODIES)	0.04
978	FOOTPRINT	ROAD	0.04
979	PAINTING	WRITE	0.04
980	EXPENSIVE	PRICE	0.04
981	FRINGE	SHORE	0.04
982	ARSON	BURN (SOMETHING)	0.04
983	MIND	THOUGHT	0.04
984	BODY	TREE TRUNK	0.04
985	CURSE	SCOLD	0.04
986	PUT	PUT ON	0.04
987	FIRE	TORCH OR LAMP	0.04
988	BIG	LONG	0.04
989	THEY	YOU	0.04
990	COAT	SHIRT	0.04
991	BEAUTIFUL	CLEAN	0.04
992	BACK	WAIST	0.04
993	FIRST	IN FRONT OF	0.04
994	BLUE	UNRIPE	0.04
995	CLIMB	RIDE	0.04
996	HALT (STOP)	STAND	0.04
997	HIGH	TOP	0.04
998	SKY	UP	0.04
999	PART	SOME	0.04
1000	FRAGRANT	SWEET	0.04
1001	DAY (NOT NIGHT)	WORLD	0.03
1002	HE	THAT	0.03
1003	COUSIN	YOUNGER BROTHER	0.03
1004	SHELL	SKIN	0.03
1005	CHURCH	TEMPLE	0.03
1006	CALL BY NAME	NAME	0.03
1007	FAMILY	PARENTS	0.03
1008	LETTER	PAPER	0.03
1009	BOTTOM	FLOOR	0.03
1010	HOUSE	VILLAGE	0.03
1011	GET	HOLD	0.03
1012	CHILD-IN-LAW	SON-IN-LAW (OF MAN)	0.03
1013	DEFEAT	VICTORY	0.03
1014	GO	MOVE (ONESELF)	0.03
1015	MARRIED MAN	MARRIED WOMAN	0.03
1016	YOUNG	YOUNG WOMAN	0.03
1017	COUSIN	NEPHEW	0.03
1018	OBEY	UNDERSTAND	0.03
1019	CHEAP	EASY	0.03
1020	COUSIN	OLDER SISTER	0.03
1021	MAN	PEOPLE	0.03
1022	FIRE	HELL	0.03
1023	RIVER	SEA	0.03
1024	PATH	STREET	0.03
1025	STRAIGHT	TRUE	0.03
1026	HAIR (HEAD)	WOOL	0.03
1027	CHOKE	DROWN	0.03
1028	BARK	FUR	0.03
1029	BOWL	PAN	0.03
1030	ANNOUNCE	EXPLAIN	0.03
1031	MARKET	STORE	0.03
1032	PREACH	TELL	0.03
1033	SPEAK	VOICE	0.03
1034	PITY	REGRET	0.03
1035	COUSIN	OLDER BROTHER	0.03
1036	PROMISE	SWEAR	0.03
1037	GROAN	HOWL	0.03
1038	BE ALIVE	SIT	0.03
1039	FATHER-IN-LAW (OF WOMAN)	MOTHER-IN-LAW (OF WOMAN)	0.03
1040	PRECIPICE	STONE OR ROCK	0.22
1041	DAUGHTER	YOUNG WOMAN	0.22
1042	EAGLE	VULTURE	0.21
1043	FRUIT	VEGETABLES	0.20
1044	HERE	THIS	0.17
1045	SEW	WEAVE	0.16
1046	FLOAT	SAIL	0.16
1047	BAD	SEVERE	0.14
1048	HOLD	SEIZE	0.14
1049	AGE	TIME	0.13
1050	INTENTION	WANT	0.12
1051	CLUB	WALKING STICK	0.12
1052	OLD	OLD (AGED)	0.12
1053	EAT	MEAL	0.12
1054	CARRY	LEAD (GUIDE)	0.12
1055	MANY	MORE	0.11
1056	LEG	SHIN	0.11
1057	BAKE	COOK (SOMETHING)	0.11
1058	FISH TRAP	TRAP (PITFALL)	0.11
1059	FINGERNAIL	PAW	0.10
1060	RAW	WET	0.10
1061	BRASS INSTRUMENT (HORN OR TRUMPET)	HORN (ANATOMY)	0.10
1062	BEVERAGE	WATER	0.10
1063	ARCH	BOW	0.10
1064	DOUGH	FLOUR	0.10
1065	HALF	SIDE	0.09
1066	SAP	WATER	0.09
1067	SWEEP	WIPE	0.09
1068	ANIMAL	CATTLE	0.09
1069	DRIP (EMIT LIQUID)	DRIP (FALL IN GLOBULES)	0.09
1070	BETRAY	SELL	0.09
1071	PLAIT OR BRAID OR WEAVE	SPIN	0.09
1072	PLAIT OR BRAID OR WEAVE	TWIST	0.08
1073	CARRY IN HAND	CARRY ON SHOULDER	0.08
1074	DITCH	FURROW	0.08
1075	FINE OR THIN	THIN (OF SHAPE OF OBJECT)	0.08
1076	RAFTER	RIDGEPOLE	0.08
1077	EARLY	SOON	0.08
1078	SNAKE	WORM	0.08
1079	SWAY	SWING (MOVEMENT)	0.07
1080	FAN (OBJECT)	FAN ACTION	0.07
1081	FLAT	STRAIGHT	0.07
1082	MOUSE	RAT	0.07
1083	GOAT	SHEEP	0.07
1084	GENTLE	SOFT	0.07
1085	LIFT	RISE (MOVE UPWARDS)	0.07
1086	MANNER	ROAD	0.07
1087	CLEAN	CLEAR	0.07
1088	DEFEND	PREVENT	0.07
1089	GOD	SKY	0.07
1090	SWEET	TASTY	0.07
1091	BAD LUCK	GRIEF	0.06
1092	BORE	STAB	0.06
1093	EARLY	FAST	0.06
1094	CONNECT	TIE UP (TETHER)	0.06
1095	DUST	SMOKE (EXHAUST)	0.06
1096	ASK (REQUEST)	BORROW	0.06
1097	BE	HAVE	0.06
1098	CALCULATE	READ	0.06
1099	DRIVE	RIDE	0.06
1100	HE OR SHE OR IT	THAT	0.06
1101	CARRY ON HEAD	CARRY UNDER ARM	0.06
1102	COLD	COLD (OF WEATHER)	0.06
1103	BLOOD	RED	0.06
1104	HARD	LOUD	0.06
1105	EMERGE (APPEAR)	SEEM	0.06
1106	STICK	WOOD	0.06
1107	SPLIT	TEAR (SHRED)	0.05
1108	ALONE	ONE	0.05
1109	DAWN	MORNING	0.05
1110	HELP	RESCUE	0.05
1111	GIVE	PERMIT	0.05
1112	DO OR MAKE	WORK (LABOUR)	0.05
1113	BACK	SPINE	0.05
1114	DO OR MAKE	GIVE	0.05
1115	READ	SING	0.05
1116	FAT (ORGANIC SUBSTANCE)	OINTMENT	0.05
1117	BACK	BEHIND	0.05
1118	BARK	SCALE	0.05
1119	BELOW OR UNDER	LOW	0.05
1120	COLD	COMMON COLD (DISEASE)	0.05
1121	RAG	TOWEL	0.05
1122	LEAD (GUIDE)	RULE	0.05
1123	CLIMB	CRAWL	0.05
1124	BREATHE	SPIRIT	0.04
1125	SON	YOUNG MAN	0.04
1126	BLOOD VESSEL	ROOT	0.04
1127	MOUNTAIN OR HILL	TOP	0.04
1128	ROLL	TURN (SOMETHING)	0.04
1129	FATHER-IN-LAW (OF MAN)	GRANDFATHER	0.04
1130	HOW	WHICH	0.04
1131	HUNT	LOOK FOR	0.04
1132	BOUNDARY	END (OF SPACE)	0.04
1133	HAND	WRIST	0.04
1134	KNOT	TIE	0.04
1135	SAND	SHORE	0.04
1136	FLOW	WALK	0.04
1137	GRAPE	VINE	0.04
1138	LINE	ROPE	0.04
1139	END (OF SPACE)	FRINGE	0.04
1140	TWIST	WRAP	0.04
1141	SMOKE (INHALE)	SUCK	0.04
1142	ROW	RUDDER	0.04
1143	FLOOR	GROUND	0.04
1144	DO	PRODUCE	0.04
1145	FLY (INSECT)	MOSQUITO	0.04
1146	KNOW (SOMETHING)	RECOGNIZE (SOMEBODY)	0.04
1147	PATH	PATH OR ROAD	0.04
1148	DAWN	LIGHT (RADIATION)	0.04
1149	RELATIVES	SIBLING	0.04
1150	CLOAK	PONCHO	0.04
1151	ARM	UPPER ARM	0.04
1152	NEPHEW	SIBLING'S CHILD	0.04
1153	CUP	PLATE	0.04
1154	KNEAD	MIX	0.04
1155	AIR	SKY	0.04
1156	DEEP	HIGH	0.04
1157	HEAR	KNOW (SOMETHING)	0.04
1158	BEESWAX	CANDLE	0.04
1159	LOWER ARM	UPPER ARM	0.04
1160	DOWN OR BELOW	INSIDE	0.04
1161	HAWK	VULTURE	0.04
1162	WEATHER	WORLD	0.04
1163	OLDER SISTER	YOUNGER SISTER	0.04
1164	COUNTRY	FLOOR	0.04
1165	BLOOD VESSEL	TENDON	0.04
1166	KICK	STRIKE OR BEAT	0.04
1167	LUNCH	MEAL	0.03
1168	GUESS	SUSPECT	0.03
1169	DANCE	SING	0.03
1170	BOTTOM	LOW	0.03
1171	BOIL (SOMETHING)	COOK (SOMETHING)	0.03
1172	BURY	PLANT (SOMETHING)	0.03
1173	LIGHT (RADIATION)	SUN	0.03
1174	SPEECH	TELL	0.03
1175	DUCK	GOOSE	0.03
1176	FIGHT	KILL	0.03
1177	HOE	SPADE	0.03
1178	CUSTOM	LAW	0.03
1179	WHERE	WHICH	0.03
1180	BROTHER	YOUNGER SISTER	0.03
1181	BE HUNGRY	HUNGER	0.03
1182	OIL (ORGANIC SUBSTANCE)	OINTMENT	0.03
1183	NO	ZERO	0.03
1184	DONKEY	MULE	0.03
1185	MOUNTAIN OR HILL	STONE OR ROCK	0.03
1186	LAND	NATIVE COUNTRY	0.03
1187	BUILD	MOLD	0.03
1188	ANIMAL	MEAT	0.03
1189	SHALLOW	THIN (OF SHAPE OF OBJECT)	0.03
1190	BACK	SHOULDER	0.03
1191	FEEL	LISTEN	0.03
1192	CAUSE	PERMIT	0.03
1193	ASK (REQUEST)	LOOK FOR	0.03
1194	GATHER	MOW	0.03
1195	SHOOT	STRIKE OR BEAT	0.03
1196	PEOPLE	VILLAGE	0.03
1197	BUTTOCKS	THIGH	0.03
1198	TRUE	TRUTH	0.03
1199	JOIN	TIE	0.03
1200	GIVE	SHARE	0.03
1201	MUTE	STUPID	0.03
1202	SOME	THING	0.03
1203	HEART	STOMACH	0.03
1204	CLAY	FLOOR	0.03
1205	AGAIN	MORE	0.03
1206	CATCH	TOUCH	0.03
1207	DESTROY	LOSE	0.03
1208	JUMP	RUN	0.03
1209	DAWN	EARLY	0.03
1210	SUSPECT	THINK (BELIEVE)	0.03
1211	SIDE	WALL (OF HOUSE)	0.03
1212	CHEST	HEART	0.03
1213	BREAKFAST	DINNER (SUPPER)	0.03
1214	FEEL	TASTE (SOMETHING)	0.03
1215	CARRY IN HAND	LIFT	0.03
1216	TIE	WRAP	0.03
1217	BOWL	GOURD	0.03
1218	GRASS	THATCH	0.03
1219	GO UP (ASCEND)	RIDE	0.03
1220	CLEAN	WHITE	0.03
1221	GAP (DISTANCE)	SPACE (AVAILABLE)	0.03
1222	DECEIT	PERJURY	0.03
1223	BOY	YOUNG	0.03
1224	DOOR	WINDOW	0.03
1225	CLAW	TOE	0.03
1226	MAINLAND	WORLD	0.03
1227	CRY	GROAN	0.03
1228	PLANT (VEGETATION)	WOOD	0.03
1229	CATTLE	OX	0.03
1230	BULL	CATTLE	0.03
1231	DARK	DIRTY	0.03
1232	BECAUSE	IF	0.02
1233	TREE	WALKING STICK	0.02
1234	EWE	LAMB	0.02
1235	BEGET	CONCEIVE	0.02
1236	CHILD (YOUNG HUMAN)	SMALL	0.02
1237	LAKE	RIVER	0.02
1238	SCALE	SHELL	0.02
1239	CLAW	FINGER	0.02
1240	CHOOSE	TAKE	0.02
1241	BORROW	TAKE	0.02
1242	FRAGRANT	SMELL (STINK)	0.02
1243	CLOCK	SUN	0.02
1244	COTTON	THREAD	0.02
1245	ADMIT	TELL	0.02
1246	GET	MEET	0.02
1247	FRUIT	NUT	0.02
1248	DEEP	LONG	0.02
1249	CARVE	CUT	0.20
1250	COUNT	THINK (BELIEVE)	0.17
1251	GARDEN-HOUSE	HOUSE	0.17
1252	DANGER	FEAR (FRIGHT)	0.17
1253	DIRT	DIRTY	0.13
1254	CALL BY NAME	SAY	0.13
1255	HOUSE	MEN'S HOUSE	0.12
1256	FEEL	KNOW (SOMETHING)	0.12
1257	LET GO OR SET FREE	SEND	0.11
1258	CAST	MOLD	0.11
1259	COLD	COLD (CHILL)	0.10
1260	BLOW (OF WIND)	WIND	0.10
1261	BELIEVE	HOPE	0.09
1262	HUT	ROOM	0.09
1263	BIG	GROW	0.09
1264	CHANGE	TURN	0.09
1265	ELEVATION	HILL	0.09
1266	FOR A LONG TIME	LONG	0.09
1267	LANGUAGE	MOUTH	0.09
1268	DREAM	SLEEP (STATE)	0.09
1269	PINCH	PRESS	0.09
1270	GIVE	PAY	0.09
1271	CARRY	PICK UP	0.08
1272	FAMILY	HOUSE	0.08
1273	GRANDDAUGHTER	NEPHEW	0.08
1274	MORTAR CRUSHER	PESTLE	0.08
1275	GRIND	MILL	0.08
1276	FOLD	PILE UP	0.07
1277	BLIND	BLUNT	0.07
1278	CONNECT	JOIN	0.07
1279	BLAME	CONDEMN	0.07
1280	GRANDSON	NIECE	0.07
1281	MIDDLE	WAIST	0.07
1282	SMOOTH	STRAIGHT	0.07
1283	BAKE	FRY	0.07
1284	DRIVE	LEAD (GUIDE)	0.07
1285	ARRIVE	GET	0.06
1286	EARTH (SOIL)	MUD	0.06
1287	BOIL (OF LIQUID)	BOIL (SOMETHING)	0.06
1288	ANKLE	HEEL	0.06
1289	EXPENSIVE	PRECIOUS	0.06
1290	FLOAT	FLOW	0.06
1291	BAG	POUCH	0.06
1292	INTESTINES	SAUSAGE	0.06
1293	EARTH (SOIL)	PLACE (POSITION)	0.06
1294	DO OR MAKE	PUT	0.06
1295	HIDE (CONCEAL)	STEAL	0.06
1296	CROUCH	SIT	0.06
1297	TWIST	WEAVE	0.06
1298	THERE	THITHER (THERE TO)	0.06
1299	DRIP (EMIT LIQUID)	FLOW	0.06
1300	CORRECT (RIGHT)	YES	0.06
1301	BURNING	LIGHT (IGNITE)	0.06
1302	SUMMIT	TIP (OF OBJECT)	0.06
1303	BLANKET	RUG	0.06
1304	GUARD	HERD (SOMETHING)	0.06
1305	CHANGE	CHANGE (BECOME DIFFERENT)	0.06
1306	BOTTOM	DOWN OR BELOW	0.06
1307	CERTAIN	FAITHFUL	0.06
1308	GUEST	STRANGER	0.06
1309	DOOR	GATE	0.06
1310	NASAL MUCUS (SNOT)	NOSE	0.06
1311	SCRAPE	SCRATCH	0.05
1312	ROLL	WRAP	0.05
1313	FATHER'S BROTHER	FATHER'S SISTER	0.05
1314	LIKE	WANT	0.05
1315	FIND	LOOK FOR	0.05
1316	MOTHER'S BROTHER	MOTHER'S SISTER	0.05
1317	BREATH	SPIRIT	0.05
1318	MAN	MARRIED MAN	0.05
1319	ACQUIT	LET GO OR SET FREE	0.05
1320	FINE (PENALTY)	PUNISHMENT	0.05
1321	CARRY ON SHOULDER	CARRY UNDER ARM	0.05
1322	HEADBAND	HEADGEAR	0.05
1323	COLD (OF WEATHER)	FRESH	0.05
1324	GUARD	PRESERVE	0.05
1325	GRIEF	REGRET	0.05
1326	CONVERSATION	SPEECH	0.05
1327	CLOAK	COAT	0.05
1328	COME	WALK	0.05
1329	HUSBAND	MASTER	0.05
1330	FEATHER	LEAF	0.05
1331	BEGGAR	POOR	0.05
1332	BRAVE	STRONG	0.05
1333	DANCE	PLAY	0.05
1334	COUNTRY	PLACE (POSITION)	0.05
1335	ASK (REQUEST)	WANT	0.05
1336	BOTHER (HARASS)	DISTURB	0.05
1337	CLEAN	GOOD	0.04
1338	BLACK	DARKNESS	0.04
1339	PLANT (SOMETHING)	PLANT (VEGETATION)	0.04
1340	PAINT (PIGMENTS)	PAINTING	0.04
1341	SMALL	THIN (OF SHAPE OF OBJECT)	0.04
1342	CLOTHES	COAT	0.04
1343	SING	SONG	0.04
1344	BUILD	LIFT	0.04
1345	HANG	HANG UP	0.04
1346	RINSE	WASH	0.04
1347	PULL	SUCK	0.04
1348	HUNT	SHOOT	0.04
1349	FAITHFUL	TRUE	0.04
1350	OWN	RULE	0.04
1351	BRIGHT	WHITE	0.04
1352	PEEL	SCRAPE	0.04
1353	CHOOSE	PICK UP	0.04
1354	SPRINGTIME	SUMMER	0.04
1355	PULL	SHOOT	0.04
1356	THAT	THERE	0.04
1357	END (OF SPACE)	FINISH	0.04
1358	GOD	MASTER	0.04
1359	PLAIT OR BRAID OR WEAVE	SEW	0.04
1360	MAST	POST	0.04
1361	RISE (MOVE UPWARDS)	WAKE UP	0.04
1362	GRANDMOTHER	MOTHER-IN-LAW (OF MAN)	0.04
1363	HEAVY	PREGNANT	0.04
1364	SEIZE	TAKE	0.04
1365	FALL	GO DOWN (DESCEND)	0.04
1366	HOLE	LAIR	0.04
1367	BREAKFAST	LUNCH	0.04
1368	BEARD	MOUSTACHE	0.04
1369	CARRY	HOLD	0.04
1370	BOARD	SLAB	0.04
1371	FIELD	PASTURE	0.04
1372	DO	WORK (ACTIVITY)	0.04
1373	COOK (SOMETHING)	ROAST OR FRY	0.04
1374	BARLEY	WHEAT	0.04
1375	BEVERAGE	DRINK	0.04
1376	HEAR	TASTE (SOMETHING)	0.03
1377	GRIND	POUND	0.03
1378	FLOW	GO	0.03
1379	DONKEY	HORSE	0.03
1380	ALCOHOL (FERMENTED DRINK)	BEVERAGE	0.03
1381	FALL	SINK (DESCEND)	0.03
1382	HEADGEAR	HELMET	0.03
1383	GHOST	SHADE	0.03
1384	BRUISE	WOUND	0.03
1385	SHORE	SIDE	0.03
1386	POST	TREE TRUNK	0.03
1387	BEAM	POST	0.03
1388	FISHING LINE	LINE	0.03
1389	MEMORY	MIND	0.03
1390	TOOL	WEAPONS	0.03
1391	DESTROY	SPOIL (SOMEBODY OR SOMETHING)	0.03
1392	CHILD (YOUNG HUMAN)	YOUNG	0.03
1393	MARRY	TAKE	0.03
1394	EWE	RAM	0.03
1395	SHAKE	SWING (SOMETHING)	0.03
1396	EYE	SEED	0.03
1397	SKIN	SKIN (OF FRUIT)	0.03
1398	FLOW	POUR	0.03
1399	BIG	OLD	0.03
1400	HAIR (HEAD)	HEAD	0.03
1401	NOISE	SOUND OR NOISE	0.03
1402	FATHER	UNCLE	0.03
1403	FLAT	WIDE	0.03
1404	ANIMAL	BIRD	0.03
1405	SEE	WATCH	0.03
1406	FENCE	YARD	0.03
1407	BOY	CHILD (DESCENDANT)	0.03
1408	GARDEN	YARD	0.03
1409	LAKE	SWAMP	0.03
1410	AFTERNOON	DAY (NOT NIGHT)	0.03
1411	LEG	PAW	0.03
1412	BEHIND	BUTTOCKS	0.03
1413	PEACE	QUIET	0.03
1414	DO OR MAKE	MOLD	0.03
1415	ARM	WRIST	0.03
1416	IF	WHEN	0.03
1417	ANNOUNCE	SPEAK	0.03
1418	BITE	CUT	0.03
1419	HOW	HOW MUCH	0.03
1420	HOOK	PITCHFORK	0.03
1421	PADDLE	ROW	0.03
1422	YOUNGER BROTHER	YOUNGER SIBLING	0.03
1423	SAY	WORD	0.03
1424	BOTTOM	END (OF SPACE)	0.03
1425	CUP	SAUCER	0.03
1426	LANGUAGE	SAY	0.03
1427	SEASON	WEATHER	0.03
1428	BURNING	HOT	0.03
1429	BILL	COUNT	0.03
1430	LAKE	OCEAN	0.03
1431	MOW	PICK UP	0.03
1432	SEASON	YEAR	0.03
1433	FAULT	GUILTY	0.03
1434	CUP	JUG	0.03
1435	BEFORE	EARLY	0.03
1436	CITIZEN	PERSON	0.03
1437	CALF OF LEG	LEG	0.03
1438	FOOTPRINT	PATH	0.03
1439	CLUB	POST	0.03
1440	ADMIT	KNOW (SOMETHING)	0.03
1441	AUNT	GRANDMOTHER	0.03
1442	GET	SEE	0.03
1443	CATCH	HUNT	0.03
1444	COLD	WIND	0.03
1445	IDEA	THINK (REFLECT)	0.03
1446	DAY (NOT NIGHT)	SKY	0.03
1447	GRANDFATHER	GRANDSON	0.02
1448	IRON	KNIFE	0.02
1449	DRINK	SWALLOW	0.02
1450	CANOE	RAFT	0.02
1451	AGAIN	STILL (CONTINUING)	0.02
1452	CHILD-IN-LAW	DAUGHTER-IN-LAW (OF MAN)	0.02
1453	CURE	RESCUE	0.02
1454	CHILD-IN-LAW	DAUGHTER-IN-LAW (OF WOMAN)	0.02
1455	BABY	SMALL	0.02
1456	YOUNGER SIBLING	YOUNGER SISTER	0.02
1457	SIBLING	YOUNGER SISTER	0.02
1458	BOAT	RAFT	0.02
1459	PREACH	TEACH	0.02
1460	PROMISE	SAY	0.02
1461	OIL (ORGANIC SUBSTANCE)	PETROLEUM	0.02
1462	BURNING	SHINE	0.02
1463	SALTY	SWEET	0.02
1464	KETTLE	PAN	0.02
1465	CARRY	DRIVE	0.02
1466	COOK (SOMETHING)	PUT	0.02
1467	SEED	TESTICLES	0.02
1468	FOLLOW	OBEY	0.02
1469	DRIVE	RULE	0.02
1470	HOUR	SEASON	0.02
1471	WHEN	WHERE	0.02
1472	MEDICINE	OINTMENT	0.02
1473	BAKE	BURN (SOMETHING)	0.02
1474	COLLARBONE	SHOULDERBLADE	0.02
1475	FATHER-IN-LAW (OF WOMAN)	STEPFATHER	0.02
1476	CHILD (YOUNG HUMAN)	DAUGHTER	0.02
1477	FIRE	MATCH	0.02
1478	BILL	DEBT	0.02
1479	EVENING	LATE	0.02
1480	BURY	DIG	0.02
1481	FEVER	HEAT	0.02
1482	GIRL	WOMAN	0.02
1483	CHILD (DESCENDANT)	NEPHEW	0.02
1484	KNEAD	MOLD	0.02
1485	BOTTOM	INSIDE	0.02
1486	RAPIDS	WATERFALL	0.02
1487	BIG	STRONG	0.02
1488	GIVE	SAY	0.02
1489	APPROACH	COME	0.02
1490	HE OR SHE OR IT	THIS	0.02
1491	HAVE SEX	MARRY	0.02
1492	SHELF	TABLE	0.02
1493	DAUGHTER-IN-LAW (OF MAN)	NIECE	0.02
1494	ELECTRICITY	LIGHT (RADIATION)	0.02
1495	DENY	NO	0.02
1496	KEEP	PICK UP	0.02
1497	CHEW	EAT	0.02
1498	EXPLAIN	PREACH	0.02
1499	MUSIC	SONG	0.02
1500	POUND	THRESH	0.02
1501	BLACK	BLUE	0.02
1502	HORSE	MULE	0.02
1503	DARKNESS	EVENING	0.02
1504	LEARN	UNDERSTAND	0.02
1505	PAIR	TWINS	0.02
1506	MILL	MORTAR CRUSHER	0.02
1507	CHIME (ACTION)	KNOCK	0.02
1508	EMBERS	FIRE	0.02
1509	DIVORCE	THROW	0.02
1510	MASTER	OWN	0.02
1511	BETRAY	DECEIT	0.02
1512	ANIMAL	INSECT	0.02
1513	CAR	MACHINE	0.02
1514	DAUGHTER-IN-LAW (OF WOMAN)	FATHER-IN-LAW (OF WOMAN)	0.02
1515	BRANCH	HAND	0.02
1516	SHOULDER	WING	0.02
1517	PUBIC HAIR	WOOL	0.02
1518	JOG (SOMETHING)	SWING (SOMETHING)	0.02
1519	SPEECH	VOICE	0.02
1520	BEGIN	FIRST	0.02
1521	KNOW (SOMETHING)	THINK (BELIEVE)	0.02
1522	PLACE (POSITION)	WORLD	0.02
1523	MEDICINE	PILL	0.02
1524	RIDE	RISE (MOVE UPWARDS)	0.02
1525	ADJUDICATE	CONVICT	0.02
1526	DAUGHTER-IN-LAW (OF MAN)	FATHER-IN-LAW (OF MAN)	0.02
1527	RETREAT	RUN	0.02
1528	BELIEVE	KNOW (SOMETHING)	0.02
1529	SEE	UNDERSTAND	0.02
1530	MAGICIAN	PHYSICIAN	0.02
1531	GET	TRAP (CATCH)	0.02
1532	BUY	PICK UP	0.02
1533	CURE	MEDICINE	0.02
1534	LAST (FINAL)	LATE	0.02
1535	FATHER-IN-LAW (OF MAN)	MOTHER-IN-LAW (OF MAN)	0.02
1536	EAR	HEAR	0.02
1537	SOW SEEDS	THROW	0.02
1538	CATCH	PICK UP	0.02
1539	FAST	LIGHT (WEIGHT)	0.02
1540	PUPIL (STUDENT)	TEACHER	0.02
1541	MOTHER-IN-LAW (OF MAN)	SON-IN-LAW (OF WOMAN)	0.02
1542	FLOW	LEAVE	0.02
1543	SAIL	SWIM	0.22
1544	GRASS-SKIRT	SKIRT	0.18
1545	FEATHER	HAIR	0.18
1546	LOOK FOR	WANT	0.12
1547	DEATH	DIE	0.09
1548	SALT	SEA	0.09
1549	HARD	ROUGH	0.09
1550	HIGH TIDE	TIDE	0.09
1551	EVIL	SEVERE	0.09
1552	ROLL	TWIST	0.08
1553	GO	MOVE	0.08
1554	COLOR	DYE	0.08
1555	HONEY	MEAD	0.08
1556	FEATHER	PEN	0.08
1557	NECK	VOICE	0.08
1558	PENIS	TAIL	0.07
1559	PADDLE	SPADE	0.07
1560	PLAIN	VALLEY	0.07
1561	BIG	LOUD	0.07
1562	MOUNTAIN	STONE	0.07
1563	READ	TEACH	0.07
1564	BAKE	BOIL (SOMETHING)	0.06
1565	DAUGHTER	WOMAN	0.06
1566	FOREST	WOOD	0.06
1567	SPIN	WEAVE	0.06
1568	AT THAT TIME	THEN	0.06
1569	WHERE	WHITHER (WHERE TO)	0.06
1570	SPRING (OF WATER)	WELL	0.06
1571	PRESERVE	PROTECT	0.06
1572	CARRY	GET	0.05
1573	CULTIVATE	DIG	0.05
1574	PRISON	PRISONER	0.05
1575	CORNER	EDGE	0.05
1576	KNEAD	RUB	0.05
1577	PART	SIDE	0.05
1578	CAVE	LAIR	0.05
1579	FOOT	HEEL	0.05
1580	EDGE	TOP	0.05
1581	EMBRACE	HOLD	0.05
1582	DRIP (FALL IN GLOBULES)	LET GO OR SET FREE	0.05
1583	CIRCLE	RING	0.05
1584	LEAF	WING	0.05
1585	DANCE	JUMP	0.05
1586	FAIRY TALE	STORY	0.05
1587	LOAD	WEIGHT	0.05
1588	IMITATE	TRY	0.04
1589	CENTIPEDE	SCORPION	0.04
1590	BAG	SACK	0.04
1591	PRESERVE	RESCUE	0.04
1592	COLD	FROST	0.04
1593	LEASH	STRAP	0.04
1594	BUSINESS	SHOP	0.04
1595	LEAD (GUIDE)	PULL	0.04
1596	DRIVE	DRIVE (CATTLE)	0.04
1597	AND	WITH	0.04
1598	ALWAYS	NEVER	0.04
1599	HERE	HITHER (HERE TO)	0.04
1600	BUILD	WEAVE	0.04
1601	MANY	OFTEN	0.04
1602	LEAF	PAPER	0.04
1603	BECOME	RESULT IN	0.04
1604	ASK (REQUEST)	CALL	0.04
1605	BORROW	HIRE	0.04
1606	FOWL	ROOSTER	0.04
1607	DEW	FOG	0.04
1608	BE BORN	BECOME	0.04
1609	BUSINESS	WORK (LABOUR)	0.04
1610	BRING	GIVE	0.04
1611	BUILD	PUT	0.04
1612	SHOW	TEACH	0.04
1613	BONE	SHIN	0.04
1614	STEP (VERB)	WALK	0.04
1615	AUNT	MOTHER	0.04
1616	AT FIRST	BEFORE	0.04
1617	BROTHER	RELATIVES	0.04
1618	THIN (OF SHAPE OF OBJECT)	THIN (SLIM)	0.04
1619	CUT	TEAR (SHRED)	0.04
1620	FACE	MOUTH	0.04
1621	PAY	SELL	0.04
1622	DIRTY	MUD	0.03
1623	CORRECT (RIGHT)	FAITHFUL	0.03
1624	COVER	HIDE (CONCEAL)	0.03
1625	HEART	LIVER	0.03
1626	ANXIETY	FEAR (FRIGHT)	0.03
1627	GUEST OR STRANGER	SINK (DESCEND)	0.03
1628	BE ALIVE	REMAIN	0.03
1629	GATHER	PICK	0.03
1630	FOOTPRINT	PATH OR ROAD	0.03
1631	AREA	COUNTRY	0.03
1632	DEAR	EXPENSIVE	0.03
1633	CAPE	NOSE	0.03
1634	CONVEY (A MESSAGE)	SAY	0.03
1635	BOAST	PRAISE	0.03
1636	GROUND	MAINLAND	0.03
1637	HEADBAND	RAG	0.03
1638	BRING	LEAD (GUIDE)	0.03
1639	SAY	SPEECH	0.03
1640	FORTRESS	TOWN	0.03
1641	ADMIT	PERMIT	0.03
1642	CARRY IN HAND	TAKE	0.03
1643	SHUT	TIE	0.03
1644	OUTSIDE	YARD	0.03
1645	LAIR	PIT (POTHOLE)	0.03
1646	SOUND OR NOISE	WORD	0.03
1647	FAITHFUL	STRAIGHT	0.03
1648	AREA	GROUND	0.03
1649	BREAK (DESTROY OR GET DESTROYE	TEAR (SHRED)	0.03
1650	RIVER	SPRING OR WELL	0.03
1651	SEEM	THINK (BELIEVE)	0.03
1652	STAND	STAND UP	0.03
1653	ROOT	TENDON	0.03
1654	LAUGH	LAUGHTER	0.03
1655	PUS	ROTTEN	0.03
1656	SOUP	WATER	0.03
1657	LOWER LEG	SHIN	0.03
1658	ESCAPE	RUN	0.03
1659	DECREASE	SINK (DESCEND)	0.03
1660	BROOM	SWEEP	0.03
1661	BEHIND	LATE	0.03
1662	ELEVATION	HEIGHT	0.03
1663	THING	TOOL	0.03
1664	GLASS	WINDOW	0.03
1665	NIECE	SIBLING'S CHILD	0.03
1666	RUB	SWEEP	0.03
1667	CARVE	HOLLOW OUT	0.03
1668	CARRY	LIFT	0.03
1669	WOMAN	YOUNG WOMAN	0.03
1670	MOUNTAIN OR HILL	PRECIPICE	0.03
1671	SISTER	YOUNGER BROTHER	0.03
1672	SOLID	STRONG	0.03
1673	FATHER	FATHER-IN-LAW (OF MAN)	0.03
1674	ANGER	QUARREL	0.03
1675	BOW	RAINBOW	0.03
1676	ARM	SHOULDER	0.03
1677	HANG UP	WEIGH	0.03
1678	BED	MAT	0.03
1679	MIX	SHAKE	0.03
1680	EYEBROW	EYELID	0.03
1681	DRINK	WATER	0.03
1682	CHAIN	NECKLACE	0.03
1683	FOLD	TWIST	0.03
1684	FOREIGN	OTHER	0.03
1685	FEATHER	FIN	0.03
1686	LOVE	PITY	0.03
1687	KILL	STAB	0.03
1688	ARSON	LIGHT (IGNITE)	0.03
1689	BAKE	OVEN	0.03
1690	FEW	SHORT	0.03
1691	FOAL	STALLION	0.03
1692	BEE	BEEHIVE	0.03
1693	GRANDMOTHER	MOTHER	0.03
1694	BED	NEST	0.03
1695	BRANCH	HORN (ANATOMY)	0.03
1696	HUNT	PURSUE	0.03
1697	CUT DOWN	DRIP (FALL IN GLOBULES)	0.03
1698	BRIGHT	CLEAN	0.03
1699	DEFEND	GUARD	0.03
1700	NOTICE (SOMETHING)	SEE	0.03
1701	GOOD	SWEET	0.03
1702	MOTHER-IN-LAW (OF WOMAN)	SON-IN-LAW (OF MAN)	0.03
1703	ARRIVE	COME BACK	0.02
1704	PUSH	SQUEEZE	0.02
1705	FATHER'S SISTER	MOTHER'S BROTHER	0.02
1706	DRINK	GIVE	0.02
1707	OLDER BROTHER	OLDER SIBLING	0.02
1708	OLDER SIBLING	OLDER SISTER	0.02
1709	BREAK (CLEAVE)	DAMAGE	0.02
1710	ORDER	SAY	0.02
1711	DEFEND	FORBID	0.02
1712	PAY	WAGES	0.02
1713	MAGIC	MAGICIAN	0.02
1714	SIBLING	YOUNGER BROTHER	0.02
1715	DAMAGE	INJURE	0.02
1716	LICK	SUCK	0.02
1717	LIP	SHORE	0.02
1718	HOLE	PIT (POTHOLE)	0.02
1719	THUNDER	THUNDER (VERB)	0.02
1720	FORKED BRANCH	PITCHFORK	0.02
1721	TRUE	YES	0.02
1722	INJECTION	NEEDLE (FOR SEWING)	0.02
1723	GUEST OR STRANGER	SET (HEAVENLY BODIES)	0.02
1724	BUILD	PLAIT OR BRAID OR WEAVE	0.02
1725	FALL ASLEEP	SLEEP	0.02
1726	GAME	PLAY	0.02
1727	CHIEFTAIN	TOP	0.02
1728	RUB	SPREAD OUT	0.02
1729	SKY	TOP	0.02
1730	EMPTY	ZERO	0.02
1731	DISH	POT	0.02
1732	BREAD	FOOD	0.02
1733	PLANT (VEGETATION)	VEGETABLES	0.02
1734	FIGHT	STRIKE OR BEAT	0.02
1735	MARE	STALLION	0.02
1736	HAIR (HEAD)	LONG HAIR	0.02
1737	JEWEL	ORNAMENT	0.02
1738	POUR	THROW	0.02
1739	SOFT	YOUNG	0.02
1740	OATH	SWEAR	0.02
1741	LIGHT (RADIATION)	WORLD	0.02
1742	DAY (NOT NIGHT)	MIDDAY	0.02
1743	BEER	MEAD	0.02
1744	GRANDDAUGHTER	GRANDMOTHER	0.02
1745	DESTROY	KILL	0.02
1746	AUNT	COUSIN	0.02
1747	SHE	THAT	0.02
1748	DRIVE	MOVE (ONESELF)	0.02
1749	INJURE	WOUND	0.02
1750	FIELD	LAND	0.02
1751	LEAVE	RETREAT	0.02
1752	LOW	SMALL	0.02
1753	BE BORN	FALL	0.02
1754	IMMEDIATELY	SUDDENLY	0.02
1755	UNRIPE	YOUNG	0.02
1756	ANNOUNCE	SHOW	0.02
1757	WHITE	YELLOW	0.02
1758	DAY (NOT NIGHT)	SEASON	0.02
1759	FIRE	HOT	0.02
1760	INCREASE	RISE (MOVE UPWARDS)	0.02
1761	MOTHER-IN-LAW (OF MAN)	STEPMOTHER	0.02
1762	FOOTPRINT	LEG	0.02
1763	SUGAR	SWEET	0.02
1764	OLDER BROTHER	YOUNGER BROTHER	0.02
1765	DUST	SAND	0.02
1766	GO	GO UP (ASCEND)	0.02
1767	COME BACK	TURN	0.02
1768	INTENTION	MIND	0.02
1769	PEEL	SKIN	0.02
1770	NETBAG	POCKET	0.02
1771	NAIL (TOOL)	PEG	0.02
1772	ROOT	TREE STUMP	0.02
1773	MOTHER'S SISTER	MOTHER-IN-LAW (OF WOMAN)	0.02
1774	LEAD (CHEMICAL ELEMENT)	TINPLATE	0.02
1775	AUNT	MOTHER-IN-LAW (OF WOMAN)	0.02
1776	DRIVE (CATTLE)	URGE (SOMEONE)	0.02
1777	COUNTRY	STATE (POLITICS)	0.02
1778	FISH	MEAT	0.02
1779	ACQUIT	FORGIVE	0.02
1780	MEASURE	TASTE (SOMETHING)	0.02
1781	FATHER	MALE (OF PERSON)	0.02
1782	NEAR	SHORT	0.02
1783	FRUIT	HARVEST	0.02
1784	FORGIVE	PERMIT	0.02
1785	CLEAN	LIGHT (COLOR)	0.02
1786	AUTUMN	SUMMER	0.02
1787	MOTHER-IN-LAW (OF WOMAN)	STEPMOTHER	0.02
1788	BAY	LAGOON	0.02
1789	BUILD	WORK (LABOUR)	0.02
1790	PRECIPICE	REEF	0.02
1791	GUILTY	WRONG	0.02
1792	AUNT	MOTHER-IN-LAW (OF MAN)	0.02
1793	TALK	TELL	0.02
1794	FENCE	STABLE	0.02
1795	IMITATE	MEASURE	0.02
1796	FATHER-IN-LAW (OF MAN)	STEPFATHER	0.02
1797	BAIT	FOOD	0.02
1798	COVER	WRAP	0.02
1799	ANKLE	FOOT	0.02
1800	HAPPEN	RESULT IN	0.02
1801	BRING	CARRY IN HAND	0.02
1802	SHOE	STOCKING	0.02
1803	PEEL	THRESH	0.02
1804	BOTTLE	GLASS	0.02
1805	PULL	TEAR (SHRED)	0.02
1806	PRECIPICE	WALL (OF HOUSE)	0.02
1807	DOWN	LOW	0.02
1808	BOTTOM	ROOT	0.02
1809	KNEAD	SQUEEZE	0.02
1810	EXPLAIN	SHOW	0.02
1811	CLAN	PERSON	0.02
1812	CUT	DIVIDE	0.02
1813	ATTACK	STRIKE OR BEAT	0.02
1814	FEW	TWO	0.02
1815	BABY	GIRL	0.02
1816	DIE	DISAPPEAR	0.02
1817	COLD	WINTER	0.02
1818	END (OF SPACE)	POINTED	0.02
1819	THIN (OF SHAPE OF OBJECT)	WEAK	0.02
1820	CLOTHES	SKIRT	0.02
1821	DUST	LAND	0.02
1822	ONE	SOME	0.02
1823	BONE	SPINE	0.02
1824	BILL	PRICE	0.02
1825	ARMOUR	SHIELD	0.02
1826	BEAUTIFUL	HEALTHY	0.02
1827	NEPHEW	SON-IN-LAW (OF MAN)	0.02
1828	FLY (INSECT)	SANDFLY	0.02
1829	FOOT	TOE	0.02
1830	GRASP	KEEP	0.02
1831	CAR	CART	0.02
1832	FEAR (FRIGHT)	SURPRISED	0.02
1833	ROTTEN	SMELL (STINK)	0.02
1834	ARRIVE	LAND (DESCEND)	0.02
1835	FIRE	FIREPLACE	0.02
1836	FLAT	THIN (OF SHAPE OF OBJECT)	0.02
1837	FATHER-IN-LAW (OF WOMAN)	UNCLE	0.02
1838	CEASE	LET GO OR SET FREE	0.02
1839	GRASP	PICK UP	0.02
1840	FLOOR	MAINLAND	0.02
1841	HE	THIS	0.02
1842	ELBOW	WRIST	0.02
1843	NEPHEW	YOUNGER BROTHER	0.02
1844	CRY	SHRIEK	0.02
1845	ROUND	WHEEL	0.02
1846	MOUTH	WORD	0.02
1847	BROOM	RAKE	0.02
1848	BLUE	YELLOW	0.02
1849	BRANCH	LEAF	0.02
1850	ARMY	BATTLE	0.02
1851	BORROW	CATCH	0.02
1852	SCRAPE	SWEEP	0.02
1853	FATHER	STEPFATHER	0.02
1854	ORPHAN	POOR	0.02
1855	GUESS	KNOW (SOMETHING)	0.02
1856	BUS	CAR	0.02
1857	MIX	ROW	0.02
1858	ARM	ELBOW	0.02
1859	GRAIN	MAIZE	0.02
1860	FRIEND	RELATIVES	0.02
1861	DAUGHTER	NEPHEW	0.02
1862	CORRECT (RIGHT)	HEALTHY	0.02
1863	CRIME	FAULT	0.02
1864	FEEL	TRY	0.02
1865	CALF OF LEG	HEEL	0.02
1866	BABY	YOUNG	0.02
1867	MACHINE	MOTOR	0.02
1868	DIFFICULT	EXPENSIVE	0.02
1869	PRAISE	WORSHIP	0.02
1870	BOTTOM	DOWN	0.02
1871	FOOT	WHEEL	0.02
1872	NIECE	SON	0.02
1873	LEATHER	PULL OFF (SKIN)	0.02
1874	COOKHOUSE	FIREPLACE	0.02
1875	HEAT	WARM	0.02
1876	EXTINGUISH	MURDER	0.02
1877	HUSBAND	MARRY	0.02
1878	SPEAR	SWORD	0.02
1879	GO OUT	LAND (DESCEND)	0.02
1880	FEW	ONE	0.02
1881	BEVERAGE	RIVER	0.02
1882	CLAY	SWAMP	0.02
1883	EASY	SOFT	0.02
1884	FOOD	MEAT	0.02
1885	WALKING STICK	WOOD	0.02
1886	BREATH	BREATHE	0.02
1887	RIDE	SIT	0.02
1888	FLOOR	PLACE (POSITION)	0.02
1889	SHAKE	SWING (MOVEMENT)	0.02
1890	BREATHE	REST	0.02
1891	SMOKE (EXHAUST)	STEAM	0.02
1892	CLEAR	LIGHT (RADIATION)	0.02
1893	ELECTRICITY	FIRE	0.02
1894	GRASP	HUNT	0.02
1895	CORPSE	DEAD	0.02
1896	DESTROY	FINISH	0.02
1897	DUST	FLOUR	0.02
1898	HEAVY	WEIGH	0.02
1899	BOW	GUN	0.02
1900	FEW	NARROW	0.02
1901	HALT (STOP)	REMAIN	0.02
1902	CHOP	WEAVE	0.02
1903	FAMILY	PEOPLE	0.02
1904	BOAT	OUTRIGGER	0.29
1905	CANOE	OUTRIGGER	0.29
1906	BORE	HOLE	0.28
1907	IRON	TINPLATE	0.11
1908	FAT (OBESE)	FAT (ORGANIC SUBSTANCE)	0.10
1909	LOUD	TALL	0.10
1910	KILL	SHOOT	0.10
1911	ACCUSE	CONDEMN	0.09
1912	MOVE	WALK	0.09
1913	DRAW MILK	PRESS	0.08
1914	ADMIT	OBEY	0.08
1915	BEGET	DO OR MAKE	0.07
1916	CHANGE	TURN (SOMETHING)	0.07
1917	BROTHER	UNCLE	0.07
1918	BOAR	SOW (FEMALE PIG)	0.07
1919	GARDEN-HOUSE	MEN'S HOUSE	0.07
1920	ACORN	OAK	0.07
1921	RIPE	RIPEN	0.06
1922	DEFEND	KEEP	0.06
1923	CROWD	MORE	0.06
1924	CHAIR	PLACE (POSITION)	0.06
1925	FAST	SHARP	0.06
1926	ACCUSE	CONVICT	0.06
1927	COUNTRY	GROUND	0.06
1928	HIGH	LOUD	0.06
1929	DIVORCE	SEPARATE	0.05
1930	AFTER	LATE	0.05
1931	IRON	MONEY	0.05
1932	FEVER	FIRE	0.05
1933	KNIT	TIE	0.05
1934	AUNT	SISTER	0.05
1935	GOD	SUN	0.05
1936	SMOKE (EXHAUST)	TOBACCO	0.05
1937	SIEVE	SQUEEZE	0.05
1938	END (OF SPACE)	TIP (OF OBJECT)	0.05
1939	END (OF SPACE)	HEAD	0.05
1940	FURROW	LINE	0.04
1941	HOLD	PRESERVE	0.04
1942	GROW	INCREASE	0.04
1943	BANYAN	FIG	0.04
1944	RISE (MOVE UPWARDS)	STAND UP	0.04
1945	GO	RIDE	0.04
1946	GIVE	TAKE	0.04
1947	ROUGH	ROUGH (OF SEA)	0.04
1948	CALL BY NAME	SHOUT	0.04
1949	DRIP (EMIT LIQUID)	POUR	0.04
1950	DRINK	RIVER	0.04
1951	MASTER	TEACHER	0.04
1952	DRIVE	LEAVE	0.04
1953	DITCH	RIVER	0.04
1954	GRAIN	WHEAT	0.04
1955	YELLOW	YOLK	0.04
1956	IMITATE	LEARN	0.04
1957	EXPLAIN	SPEAK	0.04
1958	LIFT	TAKE	0.04
1959	BE ALIVE	SPIRIT	0.04
1960	LUNCH	MIDDAY	0.04
1961	CEASE	END (OF TIME)	0.04
1962	BELLY	INTESTINES	0.04
1963	GUARD	PROTECT	0.04
1964	EARN	LOOK FOR	0.04
1965	EARTH (SOIL)	FIELD	0.04
1966	KNOW (SOMETHING)	STUDY	0.04
1967	BRUISE	SCAR	0.04
1968	BARLEY	GRAIN	0.04
1969	SHARK	WHALE	0.04
1970	CANOE	SHIP	0.04
1971	FEEL (TACTUALLY)	HEAR	0.04
1972	CONCEIVE	THINK (BELIEVE)	0.03
1973	PICK UP	RISE (MOVE UPWARDS)	0.03
1974	FATHER	FATHER-IN-LAW (OF WOMAN)	0.03
1975	POINTED	TOP	0.03
1976	BOARD	FLOOR	0.03
1977	DOG	JAGUAR	0.03
1978	RING (MAKE SOUND)	SOUND (OF INSTRUMENT OR VOICE)	0.03
1979	FACE	IN FRONT OF	0.03
1980	GOLD	YELLOW	0.03
1981	BLIND	DARK	0.03
1982	ROOT	VEIN	0.03
1983	ALCOHOL (FERMENTED DRINK)	MEAD	0.03
1984	EARLY	IMMEDIATELY	0.03
1985	KNIFE	RAZOR	0.03
1986	WATER	WET	0.03
1987	BRING	GET	0.03
1988	CEASE	REMAIN	0.03
1989	GRAIN	HARVEST	0.03
1990	COUSIN	RELATIVES	0.03
1991	CARVE	MOLD	0.03
1992	SHOULDER	SHOULDERBLADE	0.03
1993	JAGUAR	PUMA	0.03
1994	CROWD	PEOPLE	0.03
1995	CHAT (WITH SOMEBODY)	SPEAK	0.03
1996	CANDLE	LIGHT (RADIATION)	0.03
1997	MALE	MARRIED MAN	0.03
1998	JUG	KETTLE	0.03
1999	DIRTY	EARTH (SOIL)	0.03
2000	BUY	TRADE OR BARTER	0.03
2001	KICK	PUSH	0.03
2002	BLUE	SKY	0.03
2003	HE OR SHE	THAT	0.03
2004	PEACE	WORLD	0.03
2005	BE ALIVE	HEALTHY	0.03
2006	GROUND	PLACE (POSITION)	0.03
2007	LAZY	TIRED	0.03
2008	APPROACH	NEAR	0.03
2009	BOSS	HEAD	0.03
2010	DEXTEROUS	MASTER	0.03
2011	GUEST	HOST	0.03
2012	KEEP	PROTECT	0.03
2013	RELATIVES	SISTER	0.03
2014	LIE (REST)	SLEEP	0.03
2015	CEASE	REST	0.03
2016	FIGHT	SCOLD	0.03
2017	CARRY IN HAND	CATCH	0.03
2018	IMMEDIATELY	INSTANTLY (IMMEDIATELY)	0.03
2019	BE BORN	GROW	0.03
2020	GO UP (ASCEND)	LIFT	0.03
2021	MOTHER	MOTHER-IN-LAW (OF MAN)	0.03
2022	LIFE	SPIRIT	0.03
2023	THIRD	THREE	0.03
2024	HAIR (HEAD)	PLAIT	0.03
2025	CHOP	TEAR (SHRED)	0.03
2026	ALL	MANY	0.03
2027	DIE	ROTTEN	0.03
2028	NEEDLE (FOR SEWING)	NEEDLE TREE	0.03
2029	LAIR	NEST	0.03
2030	BARK	BODY	0.03
2031	DRIVE	SEND	0.03
2032	TRAP (CATCH)	TRAP (PITFALL)	0.03
2033	ASK (REQUEST)	INVITE	0.03
2034	EGG	NIT	0.03
2035	AXLE	SPINDLE	0.03
2036	DIE	SICK	0.03
2037	AREA	EARTH (SOIL)	0.03
2038	BE BORN	GO OUT	0.03
2039	FORMER	OLD	0.03
2040	WINTER	YEAR	0.03
2041	DRAW MILK	PINCH	0.02
2042	LET GO OR SET FREE	RESCUE	0.02
2043	CARRY IN HAND	GRASP	0.02
2044	NARROW	THIN	0.02
2045	MOVE	SHAKE	0.02
2046	CLEAN	HOLY	0.02
2047	SCALE	SKIN	0.02
2048	EXPENSIVE	HEAVY	0.02
2049	CONDEMN	SCOLD	0.02
2050	INJURE	PAIN	0.02
2051	BROTHER	OLDER SISTER	0.02
2052	AFTERNOON	MIDDAY	0.02
2053	CHEEK	CHIN	0.02
2054	DO OR MAKE	WEAVE	0.02
2055	CALF OF LEG	THIGH	0.02
2056	ANGER	HATE	0.02
2057	OLD	RIPE	0.02
2058	DENY	FORBID	0.02
2059	CURASSOW	GUAN	0.02
2060	FINGERNAIL OR TOENAIL	NAIL (TOOL)	0.02
2061	FEMALE	MOTHER	0.02
2062	DISAPPEAR	LEAVE	0.02
2063	HERD (SOMETHING)	PROTECT	0.02
2064	GO OUT	RISE (MOVE UPWARDS)	0.02
2065	BEAM	WOOD	0.02
2066	FLAT	SHALLOW	0.02
2067	CAUSE TO (LET)	GIVE	0.02
2068	MOVE (AFFECT EMOTIONALLY)	TOUCH	0.02
2069	IF	YES	0.02
2070	BRUISE	SWELLING	0.02
2071	PLAIT	TWIST	0.02
2072	DAMP	RAW	0.02
2073	FINE OR THIN	THIN (SLIM)	0.02
2074	HEAD	TIP (OF OBJECT)	0.02
2075	CLOUD	STORM CLOUDS	0.02
2076	BASKET	NETBAG	0.02
2077	STAND	WAKE UP	0.02
2078	CHOP	MOW	0.02
2079	DIG	HOE	0.02
2080	PERMIT	SEND	0.02
2081	HAY	PLANT (VEGETATION)	0.02
2082	CLEAN (SOMETHING)	WIPE	0.02
2083	NOSE	NOSTRIL	0.02
2084	ARRIVE	RIPEN	0.02
2085	CAUSE	DO OR MAKE	0.02
2086	CARRY	GIVE	0.02
2087	FLEE	LEAVE	0.02
2088	DESTROY	GRIND	0.02
2089	NATIVE COUNTRY	VILLAGE	0.02
2090	CALL	SHRIEK	0.02
2091	EAT	SUCK	0.02
2092	BUTTOCKS	TAIL	0.02
2093	AFTER	LAST (FINAL)	0.02
2094	BAD	DEMON	0.02
2095	BAD	ROTTEN	0.02
2096	ADMIT	BELIEVE	0.02
2097	BLOW (OF WIND)	BREATHE	0.02
2098	BREATHE	WIND	0.02
2099	PARENTS	RELATIVES	0.02
2100	GRIND	THRESH	0.02
2101	DIVE	GUEST OR STRANGER	0.02
2102	BETWEEN	GAP (DISTANCE)	0.02
2103	CHILD (DESCENDANT)	CLAN	0.02
2104	FEVER	SICK	0.02
2105	BRAIN	HEAD	0.02
2106	LEATHER	SKIN (OF FRUIT)	0.02
2107	BIRD	CHICKEN	0.02
2108	DIG	SCRAPE	0.02
2109	SLEEP	SLEEP (STATE)	0.02
2110	SKY	WORLD	0.02
2111	BORROW	GET	0.02
2112	BAIT	WORM	0.02
2113	EDGE	PRECIPICE	0.02
2114	SMELL (PERCEIVE)	STINKING	0.02
2115	END (OF SPACE)	TAIL	0.02
2116	CARRY	GRASP	0.02
2117	DRY	EMPTY	0.02
2118	SHOUT	SING	0.02
2119	PLACE (POSITION)	TIME	0.02
2120	BLAME	MISTAKE	0.02
2121	LEASH	STRING	0.02
2122	MONEY	SCALE	0.02
2123	RIDE	WALK	0.02
2124	JEWEL	STONE OR ROCK	0.02
2125	ANCESTORS	PARENTS	0.02
2126	HIGH	SKY	0.02
2127	DEAF	MUTE	0.02
2128	LEATHER	SHELL	0.02
2129	BURN (SOMETHING)	HOT	0.02
2130	MEAD	WINE	0.02
2131	DIVORCE	LEAVE	0.02
2132	FISHHOOK	TRAP (PITFALL)	0.02
2133	HOLD	TOUCH	0.02
2134	GOOD	LOVE	0.02
2135	MEETING HOUSE	TEMPLE	0.02
2136	COME BACK	GO	0.02
2137	LEAD (GUIDE)	SEND	0.02
2138	TURN (SOMETHING)	WRAP	0.02
2139	CONVEY (A MESSAGE)	TELL	0.02
2140	LAKE	WATER	0.02
2141	PREACH	SPEAK	0.02
2142	PLANT (VEGETATION)	SOW SEEDS	0.02
2143	LOUD	SOUND OR NOISE	0.02
2144	ADMIT	PROMISE	0.02
2145	GROW	PLANT (SOMETHING)	0.02
2146	IN	WITH	0.02
2147	DWELL (LIVE, RESIDE)	HAVE	0.02
2148	BECOME	SUCCEED	0.02
2149	OLD WOMAN	WIFE	0.02
2150	SHIRT	SKIRT	0.02
2151	CARVE	DIG	0.02
2152	LEAVE	SEPARATE	0.02
2153	BEAM	TREE	0.02
2154	DO	WORK (LABOUR)	0.02
2155	GRIND	KNEAD	0.02
2156	FOOD	LUNCH	0.02
2157	PULL	PUSH	0.02
2158	IMITATE	STUDY	0.02
2159	CAT	DOG	0.02
2160	ANSWER	PAY	0.02
2161	CARRY	HEAR	0.02
2162	ARRIVE	BECOME	0.02
2163	GRIND	PUSH	0.02
2164	SCOLD	THREATEN	0.02
2165	DRIVE	MOVE	0.02
2166	OLDER SIBLING	SISTER	0.02
2167	BROTHER	OLDER SIBLING	0.02
2168	HOLE	SPRING OR WELL	0.02
2169	ANIMAL	THING	0.02
2170	ACHE	BECOME SICK	0.02
2171	BROTHER	YOUNGER SIBLING	0.02
2172	FEEL	SMELL (STINK)	0.02
2173	URINE	WATER	0.02
2174	SAY	SING	0.02
2175	CUT	STAB	0.02
2176	LIGHT (WEIGHT)	LUNG	0.02
2177	SOW SEEDS	SPREAD OUT	0.02
2178	MARRY	SLEEP	0.02
2179	FOLLOW	IMITATE	0.02
2180	COUSIN	MOTHER'S SISTER	0.02
2181	GRANDFATHER	GRANDPARENTS	0.02
2182	ANNOUNCE	SPEECH	0.02
2183	EMBRACE	KISS	0.02
2184	BLANKET	PONCHO	0.02
2185	FATHER	HUSBAND	0.02
2186	ADMIT	SAY	0.02
2187	FLESH	SKIN	0.02
2188	BAD	DIRTY	0.02
2189	CHILD (DESCENDANT)	GRANDDAUGHTER	0.02
2190	CLEVER	KNOW (SOMETHING)	0.02
2191	BURN (SOMETHING)	COOK (SOMETHING)	0.02
2192	CORNER	END (OF SPACE)	0.02
2193	DIG	STAB	0.02
2194	CALL BY NAME	INVITE	0.02
2195	CARRY ON SHOULDER	TAKE	0.02
2196	BE ALIVE	BE BORN	0.02
2197	BELIEVE	UNDERSTAND	0.02
2198	PART	SLICE	0.02
2199	BESIDE	EDGE	0.02
2200	HEART	LUNG	0.02
2201	CHOOSE	GATHER	0.02
2202	ABOVE	TOP	0.02
2203	BODY	PERSON	0.02
2204	CAN	TINPLATE	0.02
2205	CLOTH	SHIRT	0.02
2206	BUILD	HOLD	0.02
2207	DESCENDANTS	GRANDDAUGHTER	0.02
2208	SAME	SIMILAR	0.02
2209	CULTIVATE	WORK (LABOUR)	0.02
2210	DRINK	KISS	0.02
2211	GO UP (ASCEND)	WALK	0.02
2212	BECOME	COME	0.02
2213	HEAVY	LOAD	0.02
2214	SAY	THINK (BELIEVE)	0.02
2215	PIERCE	SEW	0.02
2216	GRAIN	RYE	0.02
2217	CORPSE	GHOST	0.02
2218	HALT (STOP)	STAND UP	0.02
2219	AWL	NEEDLE (FOR SEWING)	0.02
2220	BREAD	FLOUR	0.02
2221	BLOW (OF WIND)	FLY (MOVE THROUGH AIR)	0.02
2222	ASK (INQUIRE)	HEAR	0.02
2223	SEEM	SHOW	0.02
2224	SEE	THINK (BELIEVE)	0.02
2225	OUTSIDE	UP	0.02
2226	ARRIVE	BE BORN	0.02
2227	FORGET	LOSE	0.02
2228	CULTIVATE	DO OR MAKE	0.02
2229	CHEAP	LIGHT (WEIGHT)	0.02
2230	GRASP	TOUCH	0.02
2231	RAIN (PRECIPITATION)	RAIN (RAINING)	0.02
2232	DEEP	LOW	0.02
2233	BOTTOM	DEEP	0.02
2234	GLUE	SAP	0.02
2235	PLAIN	SMOOTH	0.02
2236	POST	RIDGEPOLE	0.02
2237	PITCHFORK	RAKE	0.02
2238	DECEIT	WRONG	0.02
2239	ROOF	TOP	0.02
2240	CANOE	TROUGH	0.02
2241	FLOW	SAIL	0.02
2242	IMITATE	TASTE (SOMETHING)	0.02
2243	NIECE	STEPDAUGHTER	0.02
2244	BEAD	SEED	0.02
2245	EYE	GRAIN	0.02
2246	BODY	MEAT	0.02
2247	BREATHE	HEART	0.02
2248	FOLD	ROLL	0.02
2249	BOIL (OF SKIN)	WOUND	0.02
2250	CLAY	WORLD	0.02
2251	LIGHT (RADIATION)	WHITE	0.02
2252	MISS (A TARGET)	WRONG	0.02
2253	DO OR MAKE	SPEAK	0.02
2254	DOOR	MOUTH	0.02
2255	FAMILY	ROOM	0.02
2256	MAKE	WORK (ACTIVITY)	0.02
2257	HARD	STINGY	0.02
2258	CHILD (DESCENDANT)	YOUNG MAN	0.02
2259	I	WE (INCLUSIVE)	0.02
2260	CEASE	DISAPPEAR	0.02
2261	BREAK (OF ROPE)	CUT	0.02
2262	BEAT	CHIME (ACTION)	0.02
2263	BEARD	JAW	0.02
2264	CROOKED	TWIST	0.02
2265	RAIN (PRECIPITATION)	YEAR	0.02
2266	GRAVE	PIT (POTHOLE)	0.02
2267	BLANKET	CLOAK	0.02
2268	COUNTRY	PEOPLE	0.02
2269	FATHER	GRANDFATHER	0.02
2270	DO	GIVE	0.01
2271	DIVIDE	LEAVE	0.01
2272	BOARD	TREE	0.01
2273	SAY	WANT	0.01
2274	GOD	KING	0.01
2275	BECAUSE	WHEN	0.01
2276	KNEAD	TWIST	0.01
2277	PLACE (POSITION)	PUT	0.01
2278	AND	YES	0.01
2279	ANSWER	SAY	0.01
2280	CUT	SEPARATE	0.01
2281	CITIZEN	RELATIVES	0.01
2282	PLACE (POSITION)	ROOM	0.01
2283	FATHER'S SISTER	UNCLE	0.01
2284	AUNT	MOTHER'S BROTHER	0.01
2285	FATHER	MALE	0.01
2286	DAY (24 HOURS)	WEATHER	0.01
2287	DAUGHTER-IN-LAW (OF WOMAN)	NIECE	0.01
2288	DOOR	PATH	0.01
2289	TIE	WEAVE	0.01
2290	GRAVE	HOLE	0.01
2291	ROUGH	SHARP	0.01
2292	THINK (BELIEVE)	WANT	0.01
2293	DEFENDANT	GUILTY	0.01
2294	REEF	STONE OR ROCK	0.01
2295	BOUNDARY	SIDE	0.01
2296	DAY BEFORE YESTERDAY	YESTERDAY	0.01
2297	DOWN	GO DOWN (DESCEND)	0.01
2298	KEEP	RESCUE	0.01
2299	BORROW	CARRY	0.01
2300	LAND	SAND	0.01
2301	BELIEVE	THINK (REFLECT)	0.01
2302	NAIL (TOOL)	PIN	0.01
2303	AUNT	FATHER'S BROTHER	0.01
2304	BREAK (DESTROY OR GET DESTROYE	DAMAGE	0.01
2305	DAY (24 HOURS)	TIME	0.01
2306	FRIEND	SISTER	0.01
2307	CITIZEN	NEIGHBOUR	0.01
2308	ANKLE	KNOT	0.01
2309	BIG	ENOUGH	0.01
2310	BRING	HOLD	0.01
2311	FIREWOOD	MATCH	0.01
2312	FLOW	GO DOWN (DESCEND)	0.01
2313	CAPE	TOP	0.01
2314	BOWL	JUG	0.01
2315	SHALLOW	SHORT	0.01
2316	CLUB	FIREWOOD	0.01
2317	BERRY	GRAIN	0.01
2318	LETTER	POSTCARD	0.01
2319	STRIKE OR BEAT	THROW	0.01
2320	LEAD (GUIDE)	TEACH	0.01
2321	FRAGRANT	STINKING	0.01
2322	GET	MARRY	0.01
2323	FULL	THICK	0.01
2324	NEPHEW	UNCLE	0.01
2325	HEAVEN	UP	0.01
2326	CLAN	VILLAGE	0.01
2327	DISAPPEAR	FLEE	0.01
2328	COOK (SOMETHING)	DO OR MAKE	0.01
2329	HUNGER	THIRST	0.01
2330	BAD LUCK	OMEN	0.01
2331	DOWN OR BELOW	FLOOR	0.01
2332	CARRY IN HAND	HAVE	0.01
2333	ANGER	BAD	0.01
2334	FORTRESS	WALL (OF HOUSE)	0.01
2335	HAPPEN	PASS	0.01
2336	FATHER-IN-LAW (OF WOMAN)	PARENTS-IN-LAW	0.01
2337	ARRIVE	FIND	0.01
2338	HAPPY	LOVE	0.01
2339	ASK (INQUIRE)	CALL	0.01
2340	EYE	FRUIT	0.01
2341	HAPPINESS	JOY	0.01
2342	LETTER	MAIL	0.01
2343	SON	STEPSON	0.01
2344	BEVERAGE	FOOD	0.01
2345	LAND	PLAIN	0.01
2346	HUNT	TAKE	0.01
2347	MALE	PERSON	0.01
2348	NEAR	SOON	0.01
2349	LOVE	NEED (NOUN)	0.01
2350	MALE	PENIS	0.01
2351	BEAK	END (OF SPACE)	0.01
2352	BEHIND	BELOW OR UNDER	0.01
2353	LOOK FOR	NEED (NOUN)	0.01
2354	RULE	SEND	0.01
2355	EAT	SWALLOW	0.01
2356	ANSWER	OBEY	0.01
2357	FOAM	LUNG	0.01
2358	AGAIN	NEW	0.01
2359	GOOD	HAPPY	0.01
2360	CHILD (YOUNG HUMAN)	PUPIL (STUDENT)	0.01
2361	LEAD (GUIDE)	TAKE	0.01
2362	ASK (REQUEST)	BUY	0.01
2363	GIVE BACK	PAY	0.01
2364	CORNER	ELBOW	0.01
2365	FIRE	RED	0.01
2366	KID	LAMB	0.01
2367	HEAVEN	WEATHER	0.01
2368	PUT	SEND	0.01
2369	FEW	LOW	0.01
2370	NIECE	YOUNGER SISTER	0.01
2371	BLOW (OF WIND)	WHISTLE	0.01
2372	BRANCH	WING	0.01
2373	ENTER	PUT ON	0.01
2374	OFTEN	SOMETIMES	0.01
2375	HONEY	SWEET	0.01
2376	MALE	YOUNG MAN	0.01
2377	BREATH	LIFE	0.01
2378	CHOOSE	GET	0.01
2379	POTATO	YAM	0.01
2380	CASSAVA	MANIOC BREAD	0.01
2381	CROW	VULTURE	0.01
2382	CARVE	WRITE	0.01
2383	GATHER	PUT	0.01
2384	MOTHER	STEPMOTHER	0.01
2385	CROCODILE	LIZARD	0.01
2386	ONE	WHAT	0.01
2387	FAST	STRONG	0.01
2388	BRING	DRIVE	0.01
2389	HUNT	KILL	0.01
2390	HOLE	HOLLOW OUT	0.01
2391	EGG	PENIS	0.01
2392	DWELL (LIVE, RESIDE)	LIE DOWN	0.01
2393	PICK	TEAR (SHRED)	0.01
2394	DEEP	INSIDE	0.01
2395	HEAD	ROOF	0.01
2396	FLAT	FLOOR	0.01
2397	DUST	MUD	0.01
2398	NOT	WITHOUT	0.01
2399	FLEE	JUMP	0.01
2400	DIVE	DROWN	0.01
2401	CHIEFTAIN	PRESIDENT	0.01
2402	FENCE	FORTRESS	0.01
2403	PRESS	RAPE	0.01
2404	FIND	LOOK	0.01
2405	RING (MAKE SOUND)	TINKLE	0.01
2406	BETWEEN	SPACE (AVAILABLE)	0.01
2407	PEOPLE	RELATIVES	0.01
2408	KNEE	KNEEL	0.01
2409	LEAF	THATCH	0.01
2410	CITIZEN	FRIEND	0.01
2411	HOW	WHEN	0.01
2412	ADMIT	PREACH	0.01
2413	FORGET	FORGIVE	0.01
2414	MOTHER-IN-LAW (OF MAN)	SON-IN-LAW (OF MAN)	0.01
2415	CLAW	HAND	0.01
2416	CAVE	DITCH	0.01
2417	NOISE	VOICE	0.01
2418	CRY	SHOUT	0.01
2419	KNEAD	PRESS	0.01
2420	CUT DOWN	THROW	0.01
2421	BREATHE	SUCK	0.01
2422	LISTEN	SMELL (PERCEIVE)	0.01
2423	MAN	OLD MAN	0.01
2424	REMEMBER	UNDERSTAND	0.01
2425	LATCH	PADLOCK	0.01
2426	HEAD	MIND	0.01
2427	SMELL (PERCEIVE)	TASTE (SOMETHING)	0.01
2428	MOTHER'S SISTER	SISTER	0.01
2429	CHILD (DESCENDANT)	NIECE	0.01
2430	MANNER	SIMILAR	0.01
2431	BUDGE (ONESELF)	SWAY	0.01
2432	BEHIND	OUTSIDE	0.01
2433	BE SILENT	CALM	0.01
2434	FLEE	HIDE (CONCEAL)	0.01
2435	DIG	SEW	0.01
2436	NAPE (OF NECK)	THROAT	0.01
2437	ADMIT	ANSWER	0.01
2438	ARM	FATHOM	0.01
2439	PERMIT	PUT	0.01
2440	RIDGEPOLE	TOP	0.01
2441	CANDLE	FIRE	0.01
2442	BLOOD	EAT	0.01
2443	BAMBOO	FLUTE	0.01
2444	GRIND	STAB	0.01
2445	MILK	NIPPLE	0.01
2446	EMBRACE	GRASP	0.01
2447	BLUE	GREY	0.01
2448	BLOW (OF WIND)	SHOOT	0.01
2449	HUSBAND	OLD MAN	0.01
2450	FIGHT	POUND	0.01
2451	SUSPECT	THINK (REFLECT)	0.01
2452	BLANKET	MAT	0.01
2453	SUGAR	SUGAR CANE	0.01
2454	CLOCK	TIME	0.01
2455	BAKE	BUILD	0.01
2456	BUILD	PLANT (SOMETHING)	0.01
2457	CROOKED	HOOK	0.01
2458	FATHER-IN-LAW (OF MAN)	PARENTS-IN-LAW	0.01
2459	GO DOWN (DESCEND)	WALK	0.01
2460	STEPFATHER	STEPMOTHER	0.01
2461	LOUSE	TOOTH	0.01
2462	GATHER	HARVEST	0.01
2463	GARDEN	PLAIN	0.01
2464	CRAWL	ENTER	0.01
2465	HAND	WING	0.01
2466	BURN	ROAST (SOMETHING)	0.21
2467	ROW	SWIM	0.11
2468	ABOVE	SKY	0.10
2469	PULL	WEIGH	0.09
2470	DEFEAT	LOSE	0.09
2471	ITCH	SWELLING	0.08
2472	BOOK	WORD	0.08
2473	THEIR	THEY	0.08
2474	ROW	SAIL	0.08
2475	GUESS	SEEM	0.08
2476	BLOOD	SAP	0.07
2477	STRETCH	WEIGH	0.07
2478	ADZE	BATTLE-AXE	0.07
2479	SHOUT	VOICE	0.07
2480	OTHER	SECOND	0.07
2481	RUDDER	SPADE	0.06
2482	EXPENSIVE	HOLY	0.06
2483	CORNER	HORN (ANATOMY)	0.06
2484	PISS	SHIT (DEFECATE)	0.06
2485	ANT	TERMITE	0.06
2486	SPIT	VOMIT	0.06
2487	COMMON COLD (DISEASE)	WIND	0.06
2488	PADDLE	SHOVEL	0.06
2489	LOW TIDE	TIDE	0.06
2490	MAN	SON	0.06
2491	MIDDAY	SOUTH	0.06
2492	FORTRESS	TOWER	0.06
2493	HE OR SHE	THEY	0.05
2494	DRY	HARD	0.05
2495	CHIMNEY	FIREPLACE	0.05
2496	BUY	CARRY	0.05
2497	HEAR	THINK	0.05
2498	MEDICINE	TREE	0.05
2499	TASTE (SOMETHING)	TOUCH	0.05
2500	SAGO PALM	THATCH	0.05
2501	GATHER	SWEEP	0.04
2502	COUNT	TELL	0.04
2503	TRANSLATE	TURN (SOMETHING)	0.04
2504	SMOKE (INHALE)	TOBACCO	0.04
2505	CORRECT (RIGHT)	SMOOTH	0.04
2506	BONE	CORPSE	0.04
2507	FOLD	GATHER	0.04
2508	LOOK	PRESERVE	0.04
2509	COPPER	IRON	0.04
2510	BE LATE	CEASE	0.04
2511	BEESWAX	EARWAX	0.04
2512	PREPARE	PRODUCE	0.04
2513	DIG	SCRATCH	0.04
2514	FROST	ICE	0.04
2515	CROOKED	WRONG	0.04
2516	BITTER	SHARP	0.04
2517	CHOOSE	SEPARATE	0.04
2518	ANNOUNCE	CALL BY NAME	0.04
2519	AGE	SEASON	0.04
2520	HAVE	RICH	0.04
2521	DARK	DEEP	0.04
2522	CHIME (ACTION)	SOUND (OF INSTRUMENT OR VOICE)	0.04
2523	DESTROY	RUB	0.04
2524	CHAIR	TABLE	0.04
2525	COME	GET	0.04
2526	KISS	SMELL (PERCEIVE)	0.04
2527	BECAUSE	WHY	0.04
2528	CARRY ON SHOULDER	LEAD (GUIDE)	0.04
2529	HEAD	KING	0.03
2530	GHOST	GOD	0.03
2531	EGG	SEED	0.03
2532	FEMALE (OF ANIMAL)	MOTHER	0.03
2533	FIRE	TREE	0.03
2534	INSIDE	STOMACH	0.03
2535	ASK (INQUIRE)	LISTEN	0.03
2536	COURT	JUDGMENT	0.03
2537	SICK	WEAK	0.03
2538	SPIRIT	WIND	0.03
2539	RUN	WALK	0.03
2540	JOIN	PILE UP	0.03
2541	HOST	HUSBAND	0.03
2542	HUSBAND	PERSON	0.03
2543	AFTER	BACK	0.03
2544	MOUTH	TOOTH	0.03
2545	MEAL	RICE	0.03
2546	BUY	GRASP	0.03
2547	FINGERNAIL	NAIL (TOOL)	0.03
2548	CLOTH	LINEN	0.03
2549	WALK	WALK (TAKE A WALK)	0.03
2550	FEEL (TACTUALLY)	RECOGNIZE (SOMEBODY)	0.03
2551	BETRAY	GIVE	0.03
2552	DRAW MILK	MILK	0.03
2553	BRASS INSTRUMENT (HORN OR TRUMPET)	CHIMNEY	0.03
2554	OLDER BROTHER	SISTER	0.03
2555	CROWD	ENOUGH	0.03
2556	HOLE	WINDOW	0.03
2557	BROKEN	SPLIT	0.03
2558	GO	STEP (VERB)	0.03
2559	BE BORN	HAPPEN	0.03
2560	DINNER (SUPPER)	MIDDAY	0.03
2561	DRIVE	PURSUE	0.03
2562	TONGUE	WORD	0.03
2563	CLAN	FAMILY	0.03
2564	TENDON	VEIN	0.03
2565	FEMALE	MARRIED WOMAN	0.03
2566	FULL	MANY	0.03
2567	FAT (OBESE)	THICK	0.03
2568	BUY	HOLD	0.03
2569	AT FIRST	FIRST	0.03
2570	SHOULDERBLADE	SPADE	0.03
2571	BELIEVE	WORSHIP	0.03
2572	HERD (SOMETHING)	PRESERVE	0.03
2573	GRAIN	OAT	0.03
2574	GO	PASS	0.03
2575	PICK UP	PILE UP	0.03
2576	COUNTRY	SIDE	0.03
2577	SPIDER	SPIDER WEB	0.03
2578	FOOD	VEGETABLES	0.03
2579	BOY	DAUGHTER	0.03
2580	HATE	REFUSE	0.02
2581	SQUEEZE	SUCK	0.02
2582	BOUNDARY	END (OF TIME)	0.02
2583	TIME	WHEN	0.02
2584	DIFFICULT	POOR	0.02
2585	GRIND	SPLIT	0.02
2586	FAULT	SIN	0.02
2587	BEE	FLY (INSECT)	0.02
2588	CORRECT (RIGHT)	FLAT	0.02
2589	RUDDER	SHOVEL	0.02
2590	STRENGTH	VIOLENCE	0.02
2591	REMAIN	REMAINS	0.02
2592	SATURDAY	WEEK	0.02
2593	GO	LAST (ENDURE)	0.02
2594	DEFEND	HERD (SOMETHING)	0.02
2595	HARVEST	MOW	0.02
2596	CROWD	OFTEN	0.02
2597	ANXIETY	DANGER	0.02
2598	BUNCH	VINE	0.02
2599	LIGHT (COLOR)	LIGHT (WEIGHT)	0.02
2600	BRING	COME	0.02
2601	MEETING HOUSE	MEN'S HOUSE	0.02
2602	BUTTON	KNOT	0.02
2603	ENTER	GO	0.02
2604	CALL	READ	0.02
2605	HEAVY	THICK	0.02
2606	CORRECT (RIGHT)	TRUTH	0.02
2607	REMAIN	STAND	0.02
2608	BRANCH	TREE TRUNK	0.02
2609	SKULL	TOP	0.02
2610	THING	WORK (LABOUR)	0.02
2611	DASH (OF VEHICLE)	FLY (MOVE THROUGH AIR)	0.02
2612	EDGE	END (OF TIME)	0.02
2613	SPADE	WAIST	0.02
2614	CHIEFTAIN	SHAMAN (FOLK HEALER)	0.02
2615	JUDGMENT	LAW	0.02
2616	NOOSE	TRAP (PITFALL)	0.02
2617	COLLARED PECCARY	WHITE-LIPPED PECCARY	0.02
2618	ITCH	SCRATCH	0.02
2619	FULL	SWELL	0.02
2620	COMB	RAKE	0.02
2621	FEEL (TACTUALLY)	UNDERSTAND	0.02
2622	POST	WALKING STICK	0.02
2623	EXPENSIVE	HARD	0.02
2624	GOD	WORLD	0.02
2625	BELT	WAIST	0.02
2626	DRIBBLE	FLOW	0.02
2627	GRIEF	PITY	0.02
2628	BLACKSMITH	FORGE	0.02
2629	COURT	LAW	0.02
2630	COLLARBONE	SHOULDER	0.02
2631	TRANSLATE	TURN AROUND	0.02
2632	ANNOUNCE	PREACH	0.02
2633	BECOME	REMAIN	0.02
2634	BAKE	STOVE	0.02
2635	DO OR MAKE	SING	0.02
2636	SEE	SEEM	0.02
2637	SWIM	WASH	0.02
2638	KISS	SNIFF	0.02
2639	RIGHT	TRUE	0.02
2640	ENOUGH	MORE	0.02
2641	MEDICINE	TOBACCO	0.02
2642	CARRY ON HEAD	TAKE	0.02
2643	FALL	GO	0.02
2644	I	SAY	0.02
2645	LOOK FOR	SEE	0.02
2646	CONCEIVE	THINK (REFLECT)	0.02
2647	CLOTH	COTTON	0.02
2648	CURE	PRESERVE	0.02
2649	GOOD	STRAIGHT	0.02
2650	ROPE	TIE	0.02
2651	GUEST	RELATIVES	0.02
2652	ARROW	SUGAR CANE	0.02
2653	MAINLAND	PLACE (POSITION)	0.02
2654	TEAR (OF EYE)	TEAR (SHRED)	0.02
2655	DAUGHTER	FEMALE	0.02
2656	EARN	FIND	0.02
2657	FORWARD	IN FRONT OF	0.02
2658	LAST (ENDURE)	STAND	0.02
2659	HEADBAND	HELMET	0.02
2660	CALL	SING	0.02
2661	CONNECT	KNIT	0.02
2662	MEANING	MIND	0.02
2663	BRACELET	WHEEL	0.02
2664	DRIP (FALL IN GLOBULES)	LOSE	0.02
2665	FOOTPRINT	SCAR	0.02
2666	NOISE	TONE (MUSIC)	0.02
2667	CARPENTER	MASON	0.02
2668	FIVE	HAND	0.02
2669	FLOWER	RED	0.02
2670	DRIBBLE	SPIT	0.02
2671	BIG	OLD (AGED)	0.02
2672	GET	SEIZE	0.02
2673	WE	YOU	0.02
2674	DIE	HEAR	0.02
2675	GIVE	HEAR	0.02
2676	EGG	STONE	0.02
2677	OPEN	SPREAD OUT	0.02
2678	COUSIN	UNCLE	0.02
2679	CARRY	SEND	0.02
2680	HURRY	RUN	0.02
2681	ANCESTORS	DESCENDANTS	0.02
2682	BAD	DAMAGE (INJURY)	0.02
2683	AND	IF	0.02
2684	SPEAR	STAB	0.02
2685	ROTTEN	WET	0.02
2686	ADOBE	MUD	0.02
2687	COUSIN	MOTHER'S BROTHER	0.02
2688	DRIP (EMIT LIQUID)	FALL	0.02
2689	THRESHING-FLOOR	YARD	0.02
2690	CALF OF LEG	KNEE	0.02
2691	BREAK (DESTROY OR GET DESTROYED)	FOLD	0.02
2692	HOLD	RULE	0.02
2693	GO	LET GO OR SET FREE	0.02
2694	GATHER	WRAP	0.02
2695	EAT	FALL	0.02
2696	PULL OFF (SKIN)	SCRAPE	0.02
2697	HOW MANY	SOME	0.02
2698	SECOND	TWO	0.02
2699	GOOD	READY	0.02
2700	ENTER	GO OUT	0.02
2701	GOAT	LAMB	0.02
2702	BUILD	COOK (SOMETHING)	0.02
2703	DEW	SNOW	0.02
2704	GRANDFATHER	UNCLE	0.02
2705	FOLD	PUT	0.02
2706	BE LATE	PREVENT	0.02
2707	CAUSE	FAULT	0.02
2708	FACE	SIDE	0.02
2709	BAY	PORT	0.02
2710	RUB	SQUEEZE	0.02
2711	BROTHER	FATHER'S BROTHER	0.02
2712	COAST	FRINGE	0.02
2713	BEGIN	HEAD	0.02
2714	ABOVE	HIGH	0.02
2715	PLANT (SOMETHING)	PUT	0.02
2716	BOUNDARY	SHORE	0.02
2717	BOY	MAN	0.02
2718	FUR	SKIN (OF FRUIT)	0.02
2719	POINTED	TIP (OF OBJECT)	0.02
2720	LANGUAGE	SOUND OR NOISE	0.02
2721	FOLD	PICK UP	0.02
2722	FATHER'S SISTER	SISTER	0.02
2723	CRY	REGRET	0.02
2724	POST	STICK	0.02
2725	IDEA	THINK (BELIEVE)	0.02
2726	STAB	STRIKE OR BEAT	0.02
2727	RIB	SIDE	0.02
2728	ONE	OTHER	0.02
2729	NEWS	STORY	0.02
2730	GRAIN	NUT	0.02
2731	BEARD	HAIR (BODY)	0.02
2732	BUILD	CULTIVATE	0.02
2733	BITE	SHOOT	0.02
2734	DESCENDANTS	GRANDSON	0.02
2735	AREA	FRINGE	0.02
2736	RAG	VEIL	0.02
2737	WE (INCLUSIVE)	WE TWO (INCLUSIVE)	0.02
2738	CITRUS FRUIT	SOUR	0.02
2739	GIVE	I	0.02
2740	LEAVE	PASS	0.02
2741	BREAST	SUCK	0.02
2742	FLAME	RED	0.02
2743	GUESS	REMEMBER	0.02
2744	CAVE	GRAVE	0.02
2745	BLAME	SCOLD	0.02
2746	BEVERAGE	WINE	0.02
2747	SLIP	SMOOTH	0.02
2748	ANCHOR	HOOK	0.02
2749	MESSAGE	STORY	0.02
2750	COME	ENTER	0.02
2751	ANGER	ENVY	0.02
2752	BOARD	FLAT	0.02
2753	BOIL (OF LIQUID)	BOIL (OF SKIN)	0.02
2754	CUT	SAW	0.02
2755	AND	OR	0.02
2756	SPEECH	TALK	0.02
2757	BROTHER	FRIEND	0.02
2758	LIFT	WEIGH	0.02
2759	GRAIN	RICE	0.02
2760	WORK (ACTIVITY)	WORK (LABOUR)	0.02
2761	IMPROVE (SOMETHING)	REPAIR	0.02
2762	DIG	LIE DOWN	0.02
2763	DISH	TABLE	0.02
2764	PRISON	STABLE	0.02
2765	HOLE	MOUTH	0.02
2766	COTTON	LINEN	0.02
2767	FINE OR THIN	NARROW	0.02
2768	NORTH	UP	0.02
2769	PULL OFF (SKIN)	SKIN	0.02
2770	TEMPLE	TEMPLES	0.02
2771	BRACELET	RING	0.02
2772	SICK	TIRED	0.02
2773	OVEN	ROAST OR FRY	0.02
2774	MOW	STRIKE OR BEAT	0.02
2775	EARTH (SOIL)	PLAIN	0.02
2776	PROTECT	RESCUE	0.02
2777	BEAM	BOARD	0.02
2778	ADJUDICATE	GUESS	0.02
2779	FLY (MOVE THROUGH AIR)	RISE (MOVE UPWARDS)	0.02
2780	CHANGE	COME BACK	0.01
2781	BUY	CHANGE	0.01
2782	CHANGE	SELL	0.01
2783	DESTROY	SPREAD OUT	0.01
2784	DIE	GIVE	0.01
2785	OLDER SIBLING	SIBLING	0.01
2786	GIVE	GIVE BACK	0.01
2787	BECAUSE	WHAT	0.01
2788	CUT	WEAVE	0.01
2789	ASH	WHITE	0.01
2790	PULL	STEAL	0.01
2791	CHOP	STAB	0.01
2792	GRANDDAUGHTER	GRANDFATHER	0.01
2793	MANNER	PATH	0.01
2794	NEXT	OTHER	0.01
2795	BONE	TREE	0.01
2796	SIBLING	YOUNGER SIBLING	0.01
2797	OLDER BROTHER	SIBLING	0.01
2798	DEMON	GOD	0.01
2799	DRIP (FALL IN GLOBULES)	FLOW	0.01
2800	AFTER	BECAUSE	0.01
2801	FLOW	SWIM	0.01
2802	SLOW	SOFT	0.01
2803	GOD	HEAVEN	0.01
2804	BASKET	NEST	0.01
2805	DEAR	GOOD-LOOKING	0.01
2806	DUST	FOAM	0.01
2807	HOE	SHOVEL	0.01
2808	FISH	NAME	0.01
2809	CEASE	LAST (FINAL)	0.01
2810	BRING	CATCH	0.01
2811	LENGTH	LONG	0.01
2812	LAST (ENDURE)	REMAIN	0.01
2813	SHELL	SPOON	0.01
2814	PENIS	TESTICLES	0.01
2815	GRANDMOTHER	GRANDSON	0.01
2816	ACQUIT	LIBERATE	0.01
2817	FOX	WOLF	0.01
2818	RIGHT	SOUTH	0.01
2819	CLOUD	WHITE	0.01
2820	DEW	ICE	0.01
2821	SISTER	YOUNGER SIBLING	0.01
2822	BORDER	EDGE	0.01
2823	PART	SHARE	0.01
2824	BUILD	CARVE	0.01
2825	BREAK (CLEAVE)	SPOIL (SOMEBODY OR SOMETHING)	0.01
2826	RUN	STREAM (FLOW CONTINUOUSLY)	0.01
2827	PRECIPICE	VALLEY	0.01
2828	TENDON	THREAD	0.01
2829	SHOOT	STAB	0.01
2830	CHAIR	SIT	0.01
2831	CLEAN	INNOCENT	0.01
2832	LET GO OR SET FREE	OPEN	0.01
2833	FIND	KNOW (SOMETHING)	0.01
2834	ROOM	WALL (OF HOUSE)	0.01
2835	OLD WOMAN	WOMAN	0.01
2836	KICK	SHOOT	0.01
2837	DAUGHTER	STEPDAUGHTER	0.01
2838	THINK (REFLECT)	THOUGHT	0.01
2839	ACHE	PAIN	0.01
2840	END (OF SPACE)	PART	0.01
2841	LIBERATE	UNTIE	0.01
2842	BEND	CROUCH	0.01
2843	FUR	LEAF	0.01
2844	DIFFICULT	PREGNANT	0.01
2845	WHAT	WHERE	0.01
2846	FRUIT	TESTICLES	0.01
2847	FISH	FLESH OR MEAT	0.01
2848	DWELL (LIVE, RESIDE)	SLEEP	0.01
2849	COLOR	FUR	0.01
2850	CARRY	CATCH	0.01
2851	BRIGHT	LOUD	0.01
2852	BLUNT	STUPID	0.01
2853	EASY	LIGHT (RADIATION)	0.01
2854	HERE	THERE	0.01
2855	FLOUR	MEAL	0.01
2856	BEAN	NUT	0.01
2857	OAT	RYE	0.01
2858	JOIN	NEAR	0.01
2859	COAT	PONCHO	0.01
2860	HOLE	TRAP (PITFALL)	0.01
2861	SHARE	SPLIT	0.01
2862	ITEM	WARE	0.01
2863	LOOK	READ	0.01
2864	AGAIN	COME BACK	0.01
2865	BATHE	DIVE	0.01
2866	MARRIED MAN	MARRY	0.01
2867	IMMEDIATELY	TOGETHER	0.01
2868	NEW	NEWS	0.01
2869	DINNER (SUPPER)	EAT	0.01
2870	JOIN	MEET	0.01
2871	BAD	SICK	0.01
2872	HOOK	NEEDLE (FOR SEWING)	0.01
2873	CATCH	OWN	0.01
2874	CHOP	GRIND	0.01
2875	GO DOWN (DESCEND)	GO OUT	0.01
2876	BORROW	OWE	0.01
2877	AGE	LIFE	0.01
2878	HOST	STRANGER	0.01
2879	CONVERSATION	STORY	0.01
2880	CONVICT	GUILTY	0.01
2881	IRON	TOOL	0.01
2882	GIRL	SON	0.01
2883	BRING	SEND	0.01
2884	HAVE	SIT	0.01
2885	CUT DOWN	FALL	0.01
2886	FLOWER	PLANT (VEGETATION)	0.01
2887	CROOKED	LAME	0.01
2888	DANDRUFF	SCALE	0.01
2889	THING	WHICH	0.01
2890	FOOT	PAW	0.01
2891	FIGHT	SHOOT	0.01
2892	RIDGEPOLE	ROOF	0.01
2893	BREAK (DESTROY OR GET DESTROYE	CUT	0.01
2894	HAIR (HEAD)	LEAF	0.01
2895	BUY	CATCH	0.01
2896	FEW	YOUNG	0.01
2897	FEED	RAISE (A CHILD)	0.01
2898	HE OR SHE	THOU	0.01
2899	IDOL	PICTURE	0.01
2900	HIDE (CONCEAL)	KILL	0.01
2901	HEAVEN	TOP	0.01
2902	SUN	YEAR	0.01
2903	AGE	SUMMER	0.01
2904	CLAY	DUST	0.01
2905	EVENING	WEST	0.01
2906	LATE	NIGHT	0.01
2907	HARVEST	PLANT (VEGETATION)	0.01
2908	FISHHOOK	NEEDLE (FOR SEWING)	0.01
2909	CHILD (DESCENDANT)	GRANDSON	0.01
2910	ARM	FINGER	0.01
2911	DAUGHTER-IN-LAW (OF MAN)	STEPDAUGHTER	0.01
2912	SMOKE (EMIT SMOKE)	SMOKE (EXHAUST)	0.01
2913	BRIGHT	DAWN	0.01
2914	BLISTER	BOIL (OF SKIN)	0.01
2915	AUNT	STEPMOTHER	0.01
2916	DRINK	STRIKE OR BEAT	0.01
2917	RAFTER	WOOD	0.01
2918	FORGIVE	PITY	0.01
2919	BEHIND	BESIDE	0.01
2920	BED	PLACE (POSITION)	0.01
2921	FORK	SPOON	0.01
2922	HEAP	HILL	0.01
2923	COVER	HIDE (ONESELF)	0.01
2924	FINGER	FINGERNAIL	0.01
2925	AIR	BREATH	0.01
2926	LAGOON	SWAMP	0.01
2927	WEATHER	WIND	0.01
2928	BITTER	BRACKISH	0.01
2929	OBSCURE	SECRET	0.01
2930	WATER	YEAR	0.01
2931	POST	RAFTER	0.01
2932	AUTUMN	HARVEST	0.01
2933	CALL	ORDER	0.01
2934	MEMORY	SPIRIT	0.01
2935	IF	OR	0.01
2936	COME	MOVE	0.01
2937	DWELL (LIVE, RESIDE)	SIT DOWN	0.01
2938	BLOW (OF WIND)	GIVE	0.01
2939	DISH	PAN	0.01
2940	KEY	LATCH	0.01
2941	GRASS	LEAF	0.01
2942	SEED	SPIRIT	0.01
2943	CANDLE	SAILCLOTH	0.01
2944	ASH	CHARCOAL	0.01
2945	HEAVEN	HIGH	0.01
2946	ADULTERY	PROSTITUTE	0.01
2947	COME	GIVE	0.01
2948	DENSE	THICK	0.01
2949	RAIN (PRECIPITATION)	RIVER	0.01
2950	CLOAK	CLOTHES	0.01
2951	HE OR SHE	THIS	0.01
2952	BREAKFAST	MEAL	0.01
2953	FACE	JAW	0.01
2954	CLEAR	UNDERSTAND	0.01
2955	TRY	WEIGH	0.01
2956	DAUGHTER-IN-LAW (OF WOMAN)	STEPDAUGHTER	0.01
2957	HEAR	SEE	0.01
2958	MOW	TEAR (SHRED)	0.01
2959	PRICE	PUNISHMENT	0.01
2960	CHIME (ACTION)	HIT	0.01
2961	STUDY	UNDERSTAND	0.01
2962	SEED	TOOTH	0.01
2963	BRIGHT	LIGHTNING	0.01
2964	NOTICE (SOMETHING)	RECOGNIZE (SOMEBODY)	0.01
2965	RUB	THRESH	0.01
2966	FOR A LONG TIME	TALL	0.01
2967	CHANGE	MOVE	0.01
2968	CHILD (YOUNG HUMAN)	NEPHEW	0.01
2969	HOW MANY	MANY	0.01
2970	FOWL	LIVESTOCK	0.01
2971	BLOW (OF WIND)	FLOW	0.01
2972	CAUSE	ROOT	0.01
2973	HAMMER	STRIKE OR BEAT	0.01
2974	BOIL (OF LIQUID)	COOKED	0.01
2975	CURE	GOOD	0.01
2976	POST	TREE STUMP	0.01
2977	END (OF TIME)	FRINGE	0.01
2978	PAY	PRICE	0.01
2979	DOWN OR BELOW	GO DOWN (DESCEND)	0.01
2980	CALF OF LEG	FOOT	0.01
2981	BE ALIVE	LAST (ENDURE)	0.01
2982	GO	LEAD (GUIDE)	0.01
2983	PAY	TRADE OR BARTER	0.01
2984	CHEST	LUNG	0.01
2985	MEASURE	PAINTING	0.01
2986	INSTANTLY (IMMEDIATELY)	NOW	0.01
2987	BE LATE	FOR A LONG TIME	0.01
2988	BLAME	DEBT	0.01
2989	PLATE	TABLE	0.01
2990	BUNCH	KNOT	0.01
2991	EGG	SMALL	0.01
2992	HAY	THATCH	0.01
2993	HOW	HOW MANY	0.01
2994	CLOTH	PART	0.01
2995	DO OR MAKE	PLANT (SOMETHING)	0.01
2996	BALL	SWELLING	0.01
2997	CLOTHES	RAG	0.01
2998	BROTHER	MOTHER'S BROTHER	0.01
2999	COPPER	MONEY	0.01
3000	HIT	STAB	0.01
3001	SPRING OR WELL	WATERFALL	0.01
3002	BREAKFAST	MORNING	0.01
3003	FINGER	RING	0.01
3004	HIDE (ONESELF)	KEEP	0.01
3005	FIND	UNDERSTAND	0.01
3006	COOK (SOMETHING)	DO	0.01
3007	COME BACK	LEAVE	0.01
3008	COOK (SOMETHING)	SPREAD OUT	0.01
3009	POUR	SPREAD OUT	0.01
3010	DIVIDE	SPREAD OUT	0.01
3011	SEPARATE	SPREAD OUT	0.01
3012	DRAW MILK	GRIND	0.01
3013	TRY	WANT	0.01
3014	GET	WANT	0.01
3015	BUY	WANT	0.01
3016	PULL	SHARPEN (SOMETHING)	0.01
3017	SWEEP	TUMBLE (FALL DOWN)	0.01
3018	CEASE	HEAR	0.01
3019	POUND	PUSH	0.01
3020	HOUSE	TOWN	0.01
3021	KEEP	TAKE	0.01
3022	CUT	DRINK	0.01
3023	CEASE	CUT	0.01
3024	INSIDE	UP	0.01
3025	GRIND	PULL	0.01
3026	GRIND	WEAVE	0.01
3027	GIVE	SPEAK	0.01
3028	FORGE	POUND	0.01
3029	CUT	GRIND	0.01
3030	CEASE	DIVORCE	0.01
3031	OLDER SISTER	SIBLING	0.01
3032	SICK	WOUND	0.01
3033	NEVER	NO	0.01
3034	REMEMBER	WAKE UP	0.01
3035	PUT	THROW	0.01
3036	BE ABLE	UNDERSTAND	0.01
3037	BRING	PICK UP	0.01
3038	CARCASS	DEAD	0.01
3039	CALF	COW	0.01
3040	PERSON	WE (INCLUSIVE)	0.01
3041	CAUSE	INTENTION	0.01
3042	DAY (NOT NIGHT)	HEAVEN	0.01
3043	HEAR	SMELL (STINK)	0.01
3044	IF	SIMILAR	0.01
3045	CARRY	PUT	0.01
3046	OLDER SIBLING	YOUNGER SIBLING	0.01
3047	SKY	SUN	0.01
3048	GIVE	MOTHER	0.01
3049	AT	WITH	0.01
3050	COUSIN	FRIEND	0.01
3051	GIVE	NOW	0.01
3052	BEFORE	BEHIND	0.01
3053	MOTHER	OLD WOMAN	0.01
3054	GOOD	NEW	0.01
3055	FAULT	MISS (A TARGET)	0.01
3056	CLEAN	NEW	0.01
3057	RIVER	VALLEY	0.01
3058	CAUSE	PUT	0.01
3059	PINCH	TEAR (SHRED)	0.01
3060	BAD LUCK	GOOD LUCK	0.01
3061	DENY	HIDE (CONCEAL)	0.01
3062	SKY	THUNDER	0.01
3063	FINISH	LAST (FINAL)	0.01
3064	SCRAPE	WRITE	0.01
3065	FRY	RIPEN	0.01
3066	FEEL	THINK (BELIEVE)	0.01
3067	DINNER (SUPPER)	EVENING	0.01
3068	PULL OFF (SKIN)	THRESH	0.01
3069	BEGIN	BEGINNING	0.01
3070	SPREAD OUT	WIPE	0.01
3071	GRANDFATHER	MOTHER'S BROTHER	0.01
3072	NASAL MUCUS (SNOT)	NOSTRIL	0.01
3073	GET	KEEP	0.01
3074	LOUSE	NIT	0.01
3075	CRIME	MURDER	0.01
3076	FOOT	THIGH	0.01
3077	CUP	GLASS	0.01
3078	FELT	FUR	0.01
3079	BLISTER	WOUND	0.01
3080	OATH	PROMISE	0.01
3081	DISAPPEAR	HIDE (CONCEAL)	0.01
3082	PENIS	SEED	0.01
3083	SOUND OR NOISE	THUNDER	0.01
3084	COIN	IRON	0.01
3085	FALL	LAND (DESCEND)	0.01
3086	CHEST	SPIRIT	0.01
3087	BE HUNGRY	FAMINE	0.01
3088	CORPSE	GRAVE	0.01
3089	GRANDMOTHER	GRANDPARENTS	0.01
3090	ENOUGH	READY	0.01
3091	ADMIT	ANNOUNCE	0.01
3092	ALL	ALWAYS	0.01
3093	HIDE (CONCEAL)	LOSE	0.01
3094	BE	BECOME	0.01
3095	CERTAIN	YES	0.01
3096	GOVERNMENT	PRESIDENT	0.01
3097	DOORPOST	MAST	0.01
3098	CLAW	NAIL (TOOL)	0.01
3099	PUT	REMAIN	0.01
3100	INTESTINES	WOMB	0.01
3101	DESTROY	EXTINGUISH	0.01
3102	SHAKE	SWAY	0.01
3103	BURY	SHUT	0.01
3104	TALL	TOP	0.01
3105	CUP	GOURD	0.01
3106	DAUGHTER-IN-LAW (OF WOMAN)	GRANDDAUGHTER	0.01
3107	HALF	PIECE	0.01
3108	BLOOD VESSEL	THREAD	0.01
3109	FATHER	MOTHER	0.01
3110	RYE	WHEAT	0.01
3111	ENTER	NEAR	0.01
3112	GOOD	YES	0.01
3113	JUG	PAN	0.01
3114	LIFT	STRETCH	0.01
3115	BOY	STEPSON	0.01
3116	BE BORN	FIND	0.01
3117	BURNING	COOK (SOMETHING)	0.01
3118	CONVERSATION	WORD	0.01
3119	NIPPLE	SEED	0.01
3120	BODY	WAIST	0.01
3121	BONE	RIB	0.01
3122	ARSON	BURNING	0.01
3123	FOAL	HORSE	0.01
3124	MAD	MUTE	0.01
3125	CUT	WAIT (FOR)	0.01
3126	READ	SAY	0.01
3127	FATHER	OLDER BROTHER	0.01
3128	DIG	SWIM	0.01
3129	FISHHOOK	FISHNET	0.01
3130	ASK (REQUEST)	SPEAK	0.01
3131	NEAR	NEIGHBOUR	0.01
3132	LAW	ORDER	0.01
3133	FLOUR	MILL	0.01
3134	FATHER'S SISTER	STEPMOTHER	0.01
3135	LOOK	UNDERSTAND	0.01
3136	GRAPE	WINE	0.01
3137	MIX	PREVENT	0.01
3138	BOLT (MOVE IN HASTE)	DASH (OF VEHICLE)	0.01
3139	EARN	VICTORY	0.01
3140	CHILD (DESCENDANT)	FAMILY	0.01
3141	DRIP (FALL IN GLOBULES)	THROW	0.01
3142	FISH	FLESH	0.01
3143	GRIND	TWIST	0.01
3144	NURSE	PHYSICIAN	0.01
3145	CLUB	PESTLE	0.01
3146	FATHER'S BROTHER	FATHER-IN-LAW (OF MAN)	0.01
3147	BOY	MALE	0.01
3148	DAY (NOT NIGHT)	NIGHT	0.01
3149	DESCENDANTS	FAMILY	0.01
3150	GRASS	GREEN	0.01
3151	PICK UP	TRAP (CATCH)	0.01
3152	BORROW	GRASP	0.01
3153	HAVE SEX	SLEEP	0.01
3154	BELIEVE	FEEL	0.01
3155	EARTH (SOIL)	LOW	0.01
3156	ARRIVE	FOLLOW	0.01
3157	FLOWER	FRUIT	0.01
3158	BUILD	PUT ON	0.01
3159	SMALL	SON	0.01
3160	BRUSH	SWEEP	0.01
3161	FEEL	OBEY	0.01
3162	LEAVE	LET GO OR SET FREE	0.01
3163	SWAMP	VALLEY	0.01
3164	AT THAT TIME	THERE	0.01
3165	CURE	HEALTHY	0.01
3166	FRY	WASH	0.01
3167	JUMP	SPLASH	0.01
3168	GUESS	MEASURE	0.01
3169	INJURE	ROTTEN	0.01
3170	MOUTH	THROAT	0.01
3171	GIRL	STEPDAUGHTER	0.01
3172	BITTER	DIFFICULT	0.01
3173	COMMON COLD (DISEASE)	COUGH	0.01
3174	BOTTOM	HEEL	0.01
3175	BEGGAR	ORPHAN	0.01
3176	BE ALIVE	GROW	0.01
3177	DITCH	SPRING OR WELL	0.01
3178	SPIN	TURN (SOMETHING)	0.01
3179	HOOK	PEG	0.01
3180	FEEL	GUESS	0.01
3181	BRAVE	MALE (OF PERSON)	0.01
3182	DESCENDANTS	GRANDCHILD	0.01
3183	COMMON COLD (DISEASE)	SICK	0.01
3184	MOTHER'S SISTER	OLDER SISTER	0.01
3185	FLOUR	FOOD	0.01
3186	STOMACH	WAIST	0.01
3187	KNOW (SOMETHING)	LISTEN	0.01
3188	FORBID	PRESERVE	0.01
3189	EARLY	HURRY	0.01
3190	AIR	STORM	0.01
3191	CHEAP	LOW	0.01
3192	COUNT	KNOW (SOMETHING)	0.01
3193	LOSE	THROW	0.01
3194	GRANDCHILD	SIBLING'S CHILD	0.01
3195	CHIEFTAIN	GOVERNMENT	0.01
3196	PARENTS-IN-LAW	SON-IN-LAW (OF MAN)	0.01
3197	DARKNESS	DIRTY	0.01
3198	BEESWAX	HONEY	0.01
3199	MORTAR CRUSHER	MUD	0.01
3200	PEEL	TEAR (SHRED)	0.01
3201	MIRROR	SPECTACLES	0.01
3202	DOOR	MANY	0.01
3203	LIGHT (IGNITE)	SHINE	0.01
3204	ASK (REQUEST)	LOVE	0.01
3205	BATHE	FLOAT	0.01
3206	GRAIN	TOOTH	0.01
3207	HAY	PASTURE	0.01
3208	CLEAR	TRUE	0.01
3209	BUSH	MOUNTAIN	0.01
3210	BLISTER	SWELLING	0.01
3211	PENIS	VULVA	0.01
3212	HE	THEY	0.01
3213	NAME	STRAIGHT	0.01
3214	FLAME	HELL	0.01
3215	SMALL	SOME	0.01
3216	HE	THOU	0.01
3217	SON-IN-LAW (OF MAN)	STEPSON	0.01
3218	BEAN	KIDNEY	0.01
3219	THUMB	TOE	0.01
3220	HIDE (CONCEAL)	PUT ON	0.01
3221	COLD	SNOW	0.01
3222	FALL	SLIP	0.01
3223	AGE	OLD	0.01
3224	HOUSE	TENT	0.01
3225	MEDICINE	PLANT (VEGETATION)	0.01
3226	BEARD	ROOT	0.01
3227	COOKHOUSE	HUT	0.01
3228	FAT (ORGANIC SUBSTANCE)	OR	0.01
3229	MILK	SAP	0.01
3230	BE	REMAIN	0.01
3231	CARRY ON HEAD	LIFT	0.01
3232	DRINK	TAKE	0.01
3233	OLD	ROTTEN	0.01
3234	BREAK (DESTROY OR GET DESTROYED)	INJURE	0.01
3235	BUNDLE	TIE	0.01
3236	DOUGH	KNEAD	0.01
3237	ANKLE	KNEE	0.01
3238	MOVE	RIDE	0.01
3239	CORNER	FOOT	0.01
3240	SON-IN-LAW (OF WOMAN)	STEPSON	0.01
3241	BE LATE	LAST (ENDURE)	0.01
3242	DESCENDANTS	SON	0.01
3243	COME	GO DOWN (DESCEND)	0.01
3244	FLAT	PLATE	0.01
3245	BEHIND	SIDE	0.01
3246	BEAD	FRUIT	0.01
3247	LOUSE	THIS	0.01
3248	LOOM	WEAVE	0.01
3249	FLOW	FLY (MOVE THROUGH AIR)	0.01
3250	DRIP (FALL IN GLOBULES)	LIBERATE	0.01
3251	BELIEVE	HEAR	0.01
3252	COLOR	FACE	0.01
3253	CARRY IN HAND	TOUCH	0.01
3254	HE OR SHE OR IT	WE	0.01
3255	ANXIETY	THINK (BELIEVE)	0.01
3256	NAME	SUN	0.01
3257	BITE	TEAR (SHRED)	0.01
3258	MOTHER'S BROTHER	THICK	0.01
3259	DAWN	DAY (NOT NIGHT)	0.01
3260	CARRY UNDER ARM	LIFT	0.01
3261	CHIEFTAIN	QUEEN	0.01
3262	FOREST	PASTURE	0.01
3263	ROAR (OF SEA)	THUNDER (VERB)	0.01
3264	PESTLE	POST	0.01
3265	CARRY IN HAND	GET	0.01
3266	ENVY	HATE	0.01
3267	HUNT	TRAP (CATCH)	0.01
3268	DISAPPEAR	SET (HEAVENLY BODIES)	0.01
3269	DAUGHTER-IN-LAW (OF MAN)	GRANDDAUGHTER	0.01
3270	INSTANTLY (IMMEDIATELY)	SOON	0.01
3271	SHOUT	SOUND OR NOISE	0.01
3272	ENTER	SINK (DESCEND)	0.01
3273	BESIDE	IN FRONT OF	0.01
3274	NEW	UNRIPE	0.01
3275	AGAIN	NOW	0.01
3276	BUILD	GRASP	0.01
3277	ENTER	PUT	0.01
3278	HOWL	REGRET	0.01
3279	TOUCH	TRAP (CATCH)	0.01
3280	NEPHEW	STEPSON	0.01
3281	NO	YES	0.01
3282	CHEST	RIB	0.01
3283	SCRAPE	TEAR (SHRED)	0.01
3284	READ	WEIGH	0.01
3285	FROST	SNOW	0.01
3286	PUS	SAP	0.01
3287	AXE	IRON	0.01
3288	ANCESTORS	GRANDPARENTS	0.01
3289	I	WE (EXCLUSIVE)	0.01
3290	I	MOVE	0.01
3291	BOTTOM	NORTH	0.01
3292	BRUISE	PAIN	0.01
3293	DEMON	MAGICIAN	0.01
3294	STEPFATHER	UNCLE	0.01
3295	BRIDGE	PORT	0.01
3296	DWELL (LIVE, RESIDE)	LIFE	0.01
3297	OLDER SIBLING	YOUNGER SISTER	0.01
3298	NEPHEW	SON-IN-LAW (OF WOMAN)	0.01
3299	LONG	STRAIGHT	0.01
3300	CUT	FALL	0.01
3301	DAUGHTER-IN-LAW (OF WOMAN)	FATHER-IN-LAW (OF MAN)	0.01
3302	DIVE	ENTER	0.01
3303	COME BACK	REMAIN	0.01
3304	LOOK FOR	LOVE	0.01
3305	NEAR	SIT	0.01
3306	CROWD	PILE UP	0.01
3307	GHOST	LEGENDARY CREATURE	0.01
3308	CLEAN	FRESH	0.01
3309	CHIEFTAIN	OLD	0.01
3310	TEAR (OF EYE)	WATER	0.01
3311	SPREAD OUT	UNTIE	0.01
3312	HEAR	LOOK FOR	0.01
3313	SPLIT	STAB	0.01
3314	DARE	TRY	0.01
3315	FATHER'S BROTHER	STEPFATHER	0.01
3316	BIRD	DUCK	0.01
3317	LIE DOWN	REST	0.01
3318	COOK (SOMETHING)	CULTIVATE	0.01
3319	THINK (REFLECT)	WANT	0.01
3320	AGE	WEATHER	0.01
3321	BURY	COVER	0.01
3322	MASTER	THOU	0.01
3323	FIND	HAVE	0.01
3324	CARRY IN HAND	OWN	0.01
3325	GROAN	SHOUT	0.01
3326	BELIEVE	LISTEN	0.01
3327	BULL	MALE (OF PERSON)	0.01
3328	HUT	NEST	0.01
3329	BEE	BEESWAX	0.01
3330	GIVE	KILL	0.01
3331	TIP (OF TONGUE)	TONGUE	0.01
3332	CAPE	EDGE	0.01
3333	MARRIED MAN	WIFE	0.01
3334	LEGENDARY CREATURE	SPIRIT	0.01
3335	THAT	THEY	0.01
3336	HAPPY	STRONG	0.01
3337	FOAL	MARE	0.01
3338	BAD	DIFFICULT	0.01
3339	LIVER	SPLEEN	0.01
3340	MUD	SHORE	0.01
3341	LIFT	STAND UP	0.01
3342	FLY (MOVE THROUGH AIR)	WALK	0.01
3343	GO DOWN (DESCEND)	LEAVE	0.01
3344	SHARE	SPREAD OUT	0.01
3345	BLUNT	SMOOTH	0.01
3346	FEEL (TACTUALLY)	KNOW (SOMETHING)	0.01
3347	DARK	RED	0.01
3348	BEFORE	BESIDE	0.01
3349	RED	STINKING	0.01
3350	DENSE	OFTEN	0.01
3351	KNOW (SOMETHING)	REMEMBER	0.01
3352	SEND	TAKE	0.01
3353	NEAR	SUN	0.01
3354	INSECT	WASP	0.01
3355	PUS	STINKING	0.01
3356	MIDDLE	NAVEL	0.01
3357	JOIN	TOUCH	0.01
3358	FLOOR	PLAIN	0.01
3359	COME BACK	RETREAT	0.01
3360	DIE	FINISH	0.01
3361	BEFORE	BELOW OR UNDER	0.01
3362	MARRY	WIFE	0.01
3363	KNOT	NOOSE	0.01
3364	HUSBAND	OLD	0.01
3365	CHOP	DIG	0.01
3366	SEEM	THINK (REFLECT)	0.01
3367	FORK	RAKE	0.01
3368	JUDGMENT	PUNISHMENT	0.01
3369	FAT (ORGANIC SUBSTANCE)	PETROLEUM	0.01
3370	BEEHIVE	HONEY	0.01
3371	BARLEY	OAT	0.01
3372	FROST	HOARFROST	0.01
3373	LAND (DESCEND)	RISE (MOVE UPWARDS)	0.01
3374	ANSWER	CALL BY NAME	0.01
3375	ENOUGH	FULL	0.01
3376	GO DOWN (DESCEND)	SINK (DESCEND)	0.01
3377	CLOAK	CLOTH	0.01
3378	COLD	ICE	0.01
3379	IRON	NAIL (TOOL)	0.01
3380	ACQUIT	UNTIE	0.01
3381	BASKET	SKIN	0.01
3382	OLDER SIBLING	YOUNGER BROTHER	0.01
3383	HANG UP	THROW	0.01
3384	OLDER SISTER	YOUNGER SIBLING	0.01
3385	CLEVER	FAST	0.01
3386	BAD	DANGER	0.01
3387	DOWN OR BELOW	EARTH (SOIL)	0.01
3388	CLAY	COUNTRY	0.01
3389	EAT	THROW	0.01
3390	PREACH	SAY	0.01
3391	BAD	INJURE	0.01
3392	PUS	WOUND	0.01
3393	KING	PRESIDENT	0.01
3394	HIRE	WAGES	0.01
3395	CARRY UNDER ARM	EMBRACE	0.01
3396	HURRY	SOON	0.01
3397	FORK	FORKED BRANCH	0.01
3398	INSECT	MOSQUITO	0.01
3399	FATHER	MASTER	0.01
3400	FALL	KILL	0.01
3401	HURRY	URGE (SOMEONE)	0.01
3402	MUMBLE	SPEAK	0.01
3403	LANGUAGE	LIP	0.01
3404	PEEL	TIE	0.01
3405	TASTE (SOMETHING)	WEIGH	0.01
3406	DWELL (LIVE, RESIDE)	LAST (ENDURE)	0.01
3407	BEGET	FIND	0.01
3408	SNIFF	STINKING	0.01
3409	NOSE	TIP (OF OBJECT)	0.01
3410	GRANDMOTHER	MOTHER'S SISTER	0.01
3411	COTTON	WOOL	0.01
3412	HE-GOAT	KID	0.01
3413	ANCESTORS	CLAN	0.01
3414	SOUND OR NOISE	SPEAK	0.01
3415	NOTHING	ZERO	0.01
3416	ACQUIT	PERMIT	0.01
3417	ADZE	HOE	0.01
3418	FRIEND	HUSBAND	0.01
3419	CHILD-IN-LAW	PARENTS-IN-LAW	0.01
3420	SECOND	TWICE	0.01
3421	HAPPY	HEALTHY	0.01
3422	SERVANT	SOLDIER	0.01
3423	FLY (MOVE THROUGH AIR)	RUN	0.01
3424	MUMBLE	STUTTER	0.01
3425	JOG (SOMETHING)	SWING (MOVEMENT)	0.01
3426	PRESERVE	PUT	0.01
3427	GET	UNDERSTAND	0.01
3428	CONVERSATION	TALK	0.01
3429	RUB	TWIST	0.01
3430	CLEAR	CORRECT (RIGHT)	0.01
3431	ANSWER	SPEAK	0.01
3432	PART	PLACE (POSITION)	0.01
3433	DO OR MAKE	TAKE	0.01
3434	BETWEEN	MIDDLE	0.01
3435	BEFORE	FORWARD	0.01
3436	ARMY	GUARD	0.01
3437	GROW	RAISE (A CHILD)	0.01
3438	HELL	LIGHT (RADIATION)	0.01
3439	READY	RIPE	0.01
3440	DIG	SPLIT	0.01
3441	LIGHT (RADIATION)	MONTH	0.01
3442	SEPARATE	TEAR (SHRED)	0.01
3443	OLDER BROTHER	YOUNGER SIBLING	0.01
3444	BOARD	LEAF	0.01
3445	MARRIED WOMAN	MARRY	0.01
3446	MEDICINE	WOOD	0.01
3447	CARRY	OWN	0.01
3448	COUGH	SNEEZE	0.01
3449	DAUGHTER-IN-LAW (OF MAN)	PARENTS-IN-LAW	0.01
3450	DISH	SPOON	0.01
3451	LIVING	RAW	0.01
3452	PULL	SMOKE (INHALE)	0.01
3453	DRIVE	ROW	0.01
3454	FOOD	THING	0.01
3455	CHIMNEY	SMOKE (EXHAUST)	0.01
3456	DRIP (FALL IN GLOBULES)	GO DOWN (DESCEND)	0.01
3457	BEGINNING	FIRST	0.01
3458	HOW	WHO	0.01
3459	TIDE	WAVE	0.01
3460	SMOKE (EXHAUST)	TAKE	0.01
3461	FLOW	RETREAT	0.01
3462	DOWN OR BELOW	UP	0.01
3463	HOUSE	PLACE (POSITION)	0.01
3464	CERTAIN	STRONG	0.01
3465	CARRY ON SHOULDER	PULL	0.01
3466	FOG	STORM CLOUDS	0.01
3467	SPIN	TURN	0.01
3468	EARLY	IN FRONT OF	0.01
3469	FATHER-IN-LAW (OF WOMAN)	OLD MAN	0.01
3470	RICH	WEALTH	0.01
3471	BURN (SOMETHING)	SMOKE (INHALE)	0.01
3472	KILL	POUND	0.01
3473	IMMEDIATELY	TODAY	0.01
3474	CLEAR	KNOW (SOMETHING)	0.01
3475	LOOK	TRY	0.01
3476	MOVE (ONESELF)	SWAY	0.01
3477	DAWN	TOMORROW	0.01
3478	BRING	GRASP	0.01
3479	LEAF	TOBACCO	0.01
3480	BEGIN	PICK UP	0.01
3481	COUNT	GIVE	0.01
3482	CALL	DIG	0.01
3483	BURY	GRAVE	0.01
3484	CLOTH	LAUGH	0.01
3485	BACK	BARK	0.01
3486	CLEAN (SOMETHING)	WASH	0.01
3487	CROOKED	MISTAKE	0.01
3488	BRAVE	MALE	0.01
3489	FOREST	PLANT (VEGETATION)	0.01
3490	KILL	WEAVE	0.01
3491	FISH	STAR	0.01
3492	BAIT	MEAL	0.01
3493	FAMILY	SIBLING	0.01
3494	BLUE	DARK	0.01
3495	PERMIT	SURRENDER	0.01
3496	GATHER	GET	0.01
3497	BONE	STICK	0.01
3498	SHOULDER	UPPER ARM	0.01
3499	BARK	PEEL	0.01
3500	EYE	LOOK	0.01
3501	AUNT	NIECE	0.01
3502	DUST	FOG	0.01
3503	ADMIT	YES	0.01
3504	EAT	SHOOT	0.01
3505	BARLEY	RYE	0.01
3506	FOR A LONG TIME	LATE	0.01
3507	CANDY	HONEY	0.01
3508	TOUCH	TRY	0.01
3509	BONE	SHOULDERBLADE	0.01
3510	HANG UP	PUT	0.01
3511	LIGHT (COLOR)	YELLOW	0.01
3512	ANSWER	TELL	0.01
3513	BLUE	BRUISE	0.01
3514	HAVE	REMAIN	0.01
3515	ALCOHOL (FERMENTED DRINK)	SAP	0.01
3516	CHISEL	SHEARS	0.01
3517	ARRIVE	MEET	0.01
3518	FIGHT	HOLD	0.01
3519	CHILD-IN-LAW	MOTHER-IN-LAW (OF WOMAN)	0.01
3520	FOREST	THICK	0.01
3521	BIRD	PENIS	0.01
3522	CONVERSATION	LANGUAGE	0.01
3523	CATCH	CHOOSE	0.01
3524	MILL	TWIST	0.01
3525	CALF	CATTLE	0.01
3526	ACQUIT	RESCUE	0.01
3527	CHOP	FATHER	0.01
3528	GRASP	PINCH	0.01
3529	CARPENTER	SCULPTOR	0.01
3530	BRIGHT	SMOOTH	0.01
3531	FATHER'S BROTHER	NEPHEW	0.01
3532	GO UP (ASCEND)	LEAVE	0.01
3533	ANGER	BRIGHT	0.01
3534	ANXIETY	PAIN	0.01
3535	BEAUTIFUL	CORRECT (RIGHT)	0.01
3536	LIE DOWN	THROW	0.01
3537	ADOBE	EARTH (SOIL)	0.01
3538	AFTER	BEFORE	0.01
3539	PLANT (VEGETATION)	POST	0.01
3540	FLAME	TORCH OR LAMP	0.01
3541	BEVERAGE	SOUP	0.01
3542	DIFFICULT	MANY	0.01
3543	KICK	POUND	0.01
3544	CHILD (DESCENDANT)	EGG	0.01
3545	BURY	SOW SEEDS	0.01
3546	RIDE	RUN	0.01
3547	CLOAK	SHIRT	0.01
3548	ARRIVE	UNDERSTAND	0.01
3549	FOG	STEAM	0.01
3550	CLOTH	WOOL	0.01
3551	HIDE (CONCEAL)	KEEP	0.01
3552	CATCH	KEEP	0.01
3553	ANCESTORS	OLD MAN	0.01
3554	CHOP	THROW	0.01
3555	BELT	LEATHER	0.01
3556	NARROW	THIN (SLIM)	0.01
3557	CLAN	ROOT	0.01
3558	GO OUT	GO UP (ASCEND)	0.01
3559	OLDER SISTER	YOUNGER BROTHER	0.01
3560	LIFT	PUT	0.01
3561	FINISH	READY	0.01
3562	CLOUD	DUST	0.01
3563	GIVE	RUN	0.01
3564	EDGE	FACE	0.01
3565	FEMALE (OF PERSON)	WIFE	0.01
3566	FATHER	GOD	0.01
3567	BUNCH	FRUIT	0.01
3568	CHILD (DESCENDANT)	PUPIL (STUDENT)	0.01
3569	NOT	NOTHING	0.01
3570	DRY	SHALLOW	0.01
3571	GRIND	STRIKE OR BEAT	0.01
3572	BODY	IDOL	0.01
3573	EAR	GILL	0.01
3574	LEARN	SHOW	0.01
3575	DOWN OR BELOW	WORLD	0.01
3576	COME BACK	TURN AROUND	0.01
3577	COAT	DRESS	0.01
3578	JOIN	PICK UP	0.01
3579	BAD LUCK	DEFEAT	0.01
3580	DASH (OF VEHICLE)	ROAR (OF SEA)	0.01
3581	BEFORE	UP	0.01
3582	LET GO OR SET FREE	PUT	0.01
3583	PLACE (POSITION)	VILLAGE	0.01
3584	MAKE	MOLD	0.01
