ID	GLOSS
1	ABOVE
2	ACCUSE
3	ACHE
4	ACORN
5	ACQUIT
6	ADJUDICATE
7	ADMIT
8	ADOBE
9	ADULTERY
10	ADZE
11	AFTER
12	AFTERNOON
13	AFTERWARDS
14	AGAIN
15	AGE
16	AIR
17	ALCOHOL (FERMENTED DRINK)
18	ALL
19	ALONE
20	ALWAYS
21	AMOUNT
22	ANCESTORS
23	ANCHOR
24	AND
25	ANGER
26	ANIMAL
27	ANKLE
28	ANNOUNCE
29	ANSWER
30	ANT
31	ANXIETY
32	APPROACH
33	ARCH
34	AREA
35	ARM
36	ARMOUR
37	ARMY
38	ARRIVE
39	ARROW
40	ARSON
41	ASH
42	ASK (INQUIRE)
43	ASK (REQUEST)
44	AT
45	AT FIRST
46	AT THAT TIME
47	ATTACK
48	AUNT
49	AUTUMN
50	AWL
51	AXE
52	AXLE
53	BABY
54	BACK
55	BACK (DIRECTION)
56	BACKWARD
57	BAD
58	BAD LUCK
59	BAG
60	BAIT
61	BAKE
62	BALL
63	BAMBOO
64	BANYAN
65	BARK
66	BARLEY
67	BASKET
68	BATHE
69	BATTLE
70	BATTLE-AXE
71	BAY
72	BE
73	BE ABLE
74	BE ALIVE
75	BE BORN
76	BE HUNGRY
77	BE LATE
78	BE SILENT
79	BEAD
80	BEAK
81	BEAM
82	BEAN
83	BEARD
84	BEAT
85	BEAUTIFUL
86	BECAUSE
87	BECOME
88	BECOME SICK
89	BED
90	BEE
91	BEEHIVE
92	BEER
93	BEESWAX
94	BEFORE
95	BEGET
96	BEGGAR
97	BEGIN
98	BEGINNING
99	BEHIND
100	BELIEVE
101	BELLY
102	BELOW OR UNDER
103	BELT
104	BEND
105	BERRY
106	BESIDE
107	BETRAY
108	BETWEEN
109	BEVERAGE
110	BIG
111	BILL
112	BIRD
113	BITE
114	BITTER
115	BLACK
116	BLACKSMITH
117	BLAME
118	BLANKET
119	BLIND
120	BLISTER
121	BLOOD
122	BLOOD VESSEL
123	BLOW (OF WIND)
124	BLOW (WITH MOUTH)
125	BLUE
126	BLUNT
127	BOAR
128	BOARD
129	BOAST
130	BOAT
131	BODY
132	BODY LOUSE
133	BOIL (OF LIQUID)
134	BOIL (OF SKIN)
135	BOIL (SOMETHING)
136	BOLT (MOVE IN HASTE)
137	BOLT (OF LIGHTNING)
138	BONE
139	BOOK
140	BOOT
141	BORDER
142	BORE
143	BORROW
144	BOSS
145	BOTHER (HARASS)
146	BOTTLE
147	BOTTOM
148	BOUNDARY
149	BOW
150	BOWL
151	BOY
152	BRACELET
153	BRACKISH
154	BRAIN
155	BRANCH
156	BRASS INSTRUMENT (HORN OR TRUMPET)
157	BRAVE
158	BREAD
159	BREAK (CLEAVE)
160	BREAK (DESTROY OR GET DESTROYE
161	BREAK (DESTROY OR GET DESTROYED)
162	BREAK (OF ROPE)
163	BREAKFAST
164	BREAST
165	BREATH
166	BREATHE
167	BRICK
168	BRIDGE
169	BRIGHT
170	BRING
171	BROKEN
172	BROOM
173	BROTHER
174	BRUISE
175	BRUSH
176	BUDGE (ONESELF)
177	BUILD
178	BULL
179	BUNCH
180	BUNDLE
181	BURN
182	BURN (SOMETHING)
183	BURNING
184	BURY
185	BUS
186	BUSH
187	BUSINESS
188	BUTTER
189	BUTTOCKS
190	BUTTON
191	BUY
192	CALCULATE
193	CALF
194	CALF OF LEG
195	CALL
196	CALL BY NAME
197	CALM
198	CAMPFIRE
199	CAN
200	CANDLE
201	CANDY
202	CANOE
203	CAPE
204	CAR
205	CARCASS
206	CARPENTER
207	CARRY
208	CARRY IN HAND
209	CARRY ON HEAD
210	CARRY ON SHOULDER
211	CARRY UNDER ARM
212	CART
213	CARVE
214	CASSAVA
215	CAST
216	CAT
217	CATCH
218	CATTLE
219	CAUSE
220	CAUSE TO (LET)
221	CAVE
222	CEASE
223	CENTIPEDE
224	CERTAIN
225	CHAIN
226	CHAIR
227	CHANGE
228	CHANGE (BECOME DIFFERENT)
229	CHARCOAL
230	CHAT (WITH SOMEBODY)
231	CHEAP
232	CHEEK
233	CHEST
234	CHEW
235	CHICKEN
236	CHIEFTAIN
237	CHILD (DESCENDANT)
238	CHILD (YOUNG HUMAN)
239	CHILD-IN-LAW
240	CHILI PEPPER
241	CHIME (ACTION)
242	CHIMNEY
243	CHIN
244	CHISEL
245	CHOKE
246	CHOOSE
247	CHOP
248	CHURCH
249	CIGARETTE
250	CIRCLE
251	CITIZEN
252	CITRUS FRUIT
253	CLAN
254	CLAW
255	CLAW OR NAIL
256	CLAY
257	CLEAN
258	CLEAN (SOMETHING)
259	CLEAR
260	CLEVER
261	CLIMB
262	CLOAK
263	CLOCK
264	CLOTH
265	CLOTHES
266	CLOUD
267	CLUB
268	COAST
269	COAT
270	COIN
271	COLD
272	COLD (CHILL)
273	COLD (OF WEATHER)
274	COLLAR
275	COLLARBONE
276	COLLARED PECCARY
277	COLOR
278	COMB
279	COME
280	COME BACK
281	COMMON COLD (DISEASE)
282	CONCEIVE
283	CONDEMN
284	CONNECT
285	CONVERSATION
286	CONVEY (A MESSAGE)
287	CONVICT
288	COOK (SOMETHING)
289	COOKED
290	COOKHOUSE
291	COPPER
292	CORNER
293	CORPSE
294	CORRECT (RIGHT)
295	COTTON
296	COUGH
297	COUNT
298	COUNT (QUANTITY)
299	COUNTRY
300	COURT
301	COUSIN
302	COVER
303	COW
304	CRAWL
305	CRIME
306	CROCODILE
307	CROOKED
308	CROUCH
309	CROW
310	CROWD
311	CRY
312	CULTIVATE
313	CUP
314	CURASSOW
315	CURE
316	CURSE
317	CUSTOM
318	CUT
319	CUT DOWN
320	DAMAGE
321	DAMAGE (INJURY)
322	DAMP
323	DANCE
324	DANDRUFF
325	DANGER
326	DARE
327	DARK
328	DARKNESS
329	DASH (OF VEHICLE)
330	DAUGHTER
331	DAUGHTER-IN-LAW (OF MAN)
332	DAUGHTER-IN-LAW (OF WOMAN)
333	DAWN
334	DAY (24 HOURS)
335	DAY (NOT NIGHT)
336	DAY AFTER TOMORROW
337	DAY BEFORE YESTERDAY
338	DEAD
339	DEAF
340	DEAR
341	DEATH
342	DEBT
343	DECEIT
344	DECREASE
345	DEEP
346	DEFEAT
347	DEFEND
348	DEFENDANT
349	DEMON
350	DENSE
351	DENY
352	DESCENDANTS
353	DESTROY
354	DEW
355	DEXTEROUS
356	DIE
357	DIE (FROM ACCIDENT)
358	DIFFICULT
359	DIG
360	DINNER (SUPPER)
361	DIRT
362	DIRTY
363	DISAPPEAR
364	DISEASE
365	DISH
366	DISTANCE
367	DISTURB
368	DITCH
369	DIVE
370	DIVIDE
371	DIVORCE
372	DO
373	DO OR MAKE
374	DOG
375	DONATE
376	DONKEY
377	DOOR
378	DOORPOST
379	DOUBT
380	DOUGH
381	DOWN
382	DOWN OR BELOW
383	DRAG
384	DRAW MILK
385	DREAM
386	DREAM (SOMETHING)
387	DRESS
388	DRIBBLE
389	DRINK
390	DRIP (EMIT LIQUID)
391	DRIP (FALL IN GLOBULES)
392	DRIVE
393	DRIVE (CATTLE)
394	DROWN
395	DRY
396	DUCK
397	DUST
398	DWELL (LIVE, RESIDE)
399	DYE
400	EAGLE
401	EAR
402	EARLOBE
403	EARLY
404	EARN
405	EARTH (SOIL)
406	EARWAX
407	EASY
408	EAT
409	EDGE
410	EGG
411	ELBOW
412	ELECTRICITY
413	ELEVATION
414	EMBERS
415	EMBRACE
416	EMERGE (APPEAR)
417	EMPTY
418	END (OF SPACE)
419	END (OF TIME)
420	ENOUGH
421	ENTER
422	ENVY
423	ESCAPE
424	EVENING
425	EVIL
426	EWE
427	EXPENSIVE
428	EXPLAIN
429	EXTINGUISH
430	EYE
431	EYEBROW
432	EYELASH
433	EYELID
434	FACE
435	FAIRY TALE
436	FAITHFUL
437	FALL
438	FALL ASLEEP
439	FAMILY
440	FAMINE
441	FAN (OBJECT)
442	FAN ACTION
443	FAR
444	FAST
445	FAT (OBESE)
446	FAT (ORGANIC SUBSTANCE)
447	FATHER
448	FATHER'S BROTHER
449	FATHER'S SISTER
450	FATHER-IN-LAW (OF MAN)
451	FATHER-IN-LAW (OF WOMAN)
452	FATHOM
453	FAULT
454	FEAR (FRIGHT)
455	FEATHER
456	FEED
457	FEEL
458	FEEL (TACTUALLY)
459	FELT
460	FEMALE
461	FEMALE (OF ANIMAL)
462	FEMALE (OF PERSON)
463	FENCE
464	FEVER
465	FEW
466	FIELD
467	FIG
468	FIGHT
469	FIN
470	FIND
471	FINE (PENALTY)
472	FINE OR THIN
473	FINGER
474	FINGERNAIL
475	FINGERNAIL OR TOENAIL
476	FINISH
477	FIR
478	FIRE
479	FIREPLACE
480	FIREWOOD
481	FIRST
482	FISH
483	FISH POISON
484	FISH TRAP
485	FISHHOOK
486	FISHING LINE
487	FISHNET
488	FIVE
489	FLAME
490	FLAT
491	FLEA
492	FLEE
493	FLESH
494	FLESH OR MEAT
495	FLOAT
496	FLOCK (OF ANIMALS)
497	FLOOR
498	FLOUR
499	FLOW
500	FLOWER
501	FLUTE
502	FLY (INSECT)
503	FLY (MOVE THROUGH AIR)
504	FOAL
505	FOAM
506	FOG
507	FOLD
508	FOLLOW
509	FOOD
510	FOOT
511	FOOTPRINT
512	FOR A LONG TIME
513	FORBID
514	FOREHEAD
515	FOREIGN
516	FOREST
517	FORGE
518	FORGET
519	FORGIVE
520	FORK
521	FORKED BRANCH
522	FORMER
523	FORTRESS
524	FORWARD
525	FOWL
526	FOX
527	FRAGRANT
528	FRESH
529	FRIEND
530	FRINGE
531	FRONT TOOTH (INCISOR)
532	FROST
533	FRUIT
534	FRY
535	FULL
536	FUR
537	FURROW
538	GAME
539	GAP (DISTANCE)
540	GARDEN
541	GARDEN-HOUSE
542	GATE
543	GATHER
544	GENTLE
545	GET
546	GHOST
547	GILL
548	GIRL
549	GIVE
550	GIVE BACK
551	GLASS
552	GLUE
553	GO
554	GO DOWN (DESCEND)
555	GO OUT
556	GO UP (ASCEND)
557	GOAT
558	GOD
559	GOLD
560	GOOD
561	GOOD LUCK
562	GOOD-LOOKING
563	GOOSE
564	GOURD
565	GOVERNMENT
566	GRAIN
567	GRANDCHILD
568	GRANDDAUGHTER
569	GRANDFATHER
570	GRANDMOTHER
571	GRANDPARENTS
572	GRANDSON
573	GRAPE
574	GRASP
575	GRASS
576	GRASS-SKIRT
577	GRAVE
578	GREEDY
579	GREEN
580	GREY
581	GRIEF
582	GRIND
583	GROAN
584	GROUND
585	GROW
586	GUAN
587	GUARD
588	GUESS
589	GUEST
590	GUEST OR STRANGER
591	GUILTY
592	GUN
593	HAIR
594	HAIR (BODY)
595	HAIR (HEAD)
596	HALF
597	HALT (STOP)
598	HAMMER
599	HAND
600	HANG
601	HANG UP
602	HAPPEN
603	HAPPINESS
604	HAPPY
605	HARD
606	HARE
607	HARVEST
608	HATE
609	HAVE
610	HAVE SEX
611	HAWK
612	HAY
613	HE
614	HE OR SHE
615	HE OR SHE OR IT
616	HE-GOAT
617	HEAD
618	HEAD LOUSE
619	HEADBAND
620	HEADGEAR
621	HEALTHY
622	HEAP
623	HEAR
624	HEART
625	HEAT
626	HEAVEN
627	HEAVY
628	HEEL
629	HEIGHT
630	HELL
631	HELMET
632	HELP
633	HEN
634	HERD (SOMETHING)
635	HERE
636	HIDE (CONCEAL)
637	HIDE (ONESELF)
638	HIGH
639	HIGH TIDE
640	HILL
641	HINDER
642	HIP
643	HIRE
644	HIT
645	HITHER (HERE TO)
646	HOARFROST
647	HOE
648	HOLD
649	HOLE
650	HOLLOW OUT
651	HOLY
652	HOME
653	HONEY
654	HOOK
655	HOPE
656	HORN (ANATOMY)
657	HORSE
658	HOST
659	HOT
660	HOUR
661	HOUSE
662	HOW
663	HOW MANY
664	HOW MUCH
665	HOWL
666	HUNGER
667	HUNT
668	HURRY
669	HUSBAND
670	HUT
671	I
672	ICE
673	IDEA
674	IDOL
675	IF
676	IMITATE
677	IMMEDIATELY
678	IMPROVE (SOMETHING)
679	IN
680	IN FRONT OF
681	INCREASE
682	INJECTION
683	INJURE
684	INNOCENT
685	INSECT
686	INSIDE
687	INSTANTLY (IMMEDIATELY)
688	INTENTION
689	INTESTINES
690	INVITE
691	IRON
692	IT
693	ITCH
694	ITEM
695	JAGUAR
696	JAW
697	JEWEL
698	JOG (SOMETHING)
699	JOIN
700	JOY
701	JUDGMENT
702	JUG
703	JUMP
704	KEEP
705	KETTLE
706	KEY
707	KICK
708	KID
709	KIDNEY
710	KILL
711	KING
712	KISS
713	KNEAD
714	KNEE
715	KNEEL
716	KNIFE
717	KNIT
718	KNOCK
719	KNOT
720	KNOW (SOMETHING)
721	LADDER
722	LAGOON
723	LAIR
724	LAKE
725	LAMB
726	LAME
727	LAND
728	LAND (DESCEND)
729	LANGUAGE
730	LAST (ENDURE)
731	LAST (FINAL)
732	LATCH
733	LATE
734	LAUGH
735	LAUGHTER
736	LAW
737	LAY (VERB)
738	LAZY
739	LEAD (CHEMICAL ELEMENT)
740	LEAD (GUIDE)
741	LEAF
742	LEAF (LEAFLIKE OBJECT)
743	LEARN
744	LEASH
745	LEATHER
746	LEAVE
747	LEG
748	LEGENDARY CREATURE
749	LEND
750	LENGTH
751	LET GO OR SET FREE
752	LETTER
753	LIBERATE
754	LICK
755	LIE (MISLEAD)
756	LIE (REST)
757	LIE DOWN
758	LIFE
759	LIFT
760	LIGHT (COLOR)
761	LIGHT (IGNITE)
762	LIGHT (RADIATION)
763	LIGHT (WEIGHT)
764	LIGHTNING
765	LIKE
766	LIMP
767	LINE
768	LINEN
769	LIP
770	LISTEN
771	LIVER
772	LIVESTOCK
773	LIVING
774	LIZARD
775	LOAD
776	LOCK
777	LONG
778	LONG HAIR
779	LOOK
780	LOOK FOR
781	LOOM
782	LOSE
783	LOUD
784	LOUSE
785	LOVE
786	LOW
787	LOW TIDE
788	LOWER ARM
789	LOWER LEG
790	LUNCH
791	LUNG
792	MACHINE
793	MAD
794	MAGIC
795	MAGICIAN
796	MAIL
797	MAINLAND
798	MAIZE
799	MAKE
800	MALE
801	MALE (OF ANIMAL)
802	MALE (OF PERSON)
803	MAN
804	MANIOC BREAD
805	MANNER
806	MANY
807	MARE
808	MARKET
809	MARRIED MAN
810	MARRIED WOMAN
811	MARRY
812	MASON
813	MAST
814	MASTER
815	MAT
816	MATCH
817	MEAD
818	MEAL
819	MEANING
820	MEASURE
821	MEAT
822	MEDICINE
823	MEET
824	MEETING HOUSE
825	MELT
826	MEMORY
827	MEN'S HOUSE
828	MESSAGE
829	MIDDAY
830	MIDDLE
831	MILK
832	MILL
833	MIND
834	MIRROR
835	MISS (A TARGET)
836	MISTAKE
837	MIX
838	MOLAR TOOTH
839	MOLD
840	MONEY
841	MONTH
842	MOON
843	MOORLAND
844	MORE
845	MORNING
846	MORTAR CRUSHER
847	MOSQUITO
848	MOTHER
849	MOTHER'S BROTHER
850	MOTHER'S SISTER
851	MOTHER-IN-LAW (OF MAN)
852	MOTHER-IN-LAW (OF WOMAN)
853	MOTOR
854	MOUNTAIN
855	MOUNTAIN OR HILL
856	MOUSE
857	MOUSTACHE
858	MOUTH
859	MOVE
860	MOVE (AFFECT EMOTIONALLY)
861	MOVE (ONESELF)
862	MOW
863	MUD
864	MULE
865	MUMBLE
866	MURDER
867	MUSIC
868	MUTE
869	NAIL (TOOL)
870	NAME
871	NAPE (OF NECK)
872	NARROW
873	NASAL MUCUS (SNOT)
874	NATIVE COUNTRY
875	NAVEL
876	NEAR
877	NECK
878	NECKLACE
879	NEED (NOUN)
880	NEEDLE (FOR SEWING)
881	NEEDLE TREE
882	NEIGHBOUR
883	NEPHEW
884	NEST
885	NETBAG
886	NEVER
887	NEW
888	NEWS
889	NEXT
890	NIECE
891	NIGHT
892	NIPPLE
893	NIT
894	NO
895	NOISE
896	NOOSE
897	NORTH
898	NOSE
899	NOSTRIL
900	NOT
901	NOTHING
902	NOTICE (SOMETHING)
903	NOW
904	NURSE
905	NUT
906	OAK
907	OAT
908	OATH
909	OBEY
910	OBSCURE
911	OCEAN
912	OFTEN
913	OIL (ORGANIC SUBSTANCE)
914	OINTMENT
915	OLD
916	OLD (AGED)
917	OLD MAN
918	OLD WOMAN
919	OLDER BROTHER
920	OLDER SIBLING
921	OLDER SISTER
922	OMEN
923	ONCE (IN THE PAST)
924	ONE
925	ONE TIME
926	ONLY
927	OPEN
928	OR
929	ORDER
930	ORNAMENT
931	ORPHAN
932	OTHER
933	OUTRIGGER
934	OUTSIDE
935	OVEN
936	OWE
937	OWN
938	OX
939	PADDLE
940	PADLOCK
941	PAIN
942	PAINT (PIGMENTS)
943	PAINTING
944	PAIR
945	PALM OF HAND
946	PAN
947	PAPER
948	PARENTS
949	PARENTS-IN-LAW
950	PART
951	PASS
952	PASTURE
953	PATH
954	PATH OR ROAD
955	PAW
956	PAY
957	PEACE
958	PEEL
959	PEG
960	PEN
961	PENIS
962	PEOPLE
963	PEPPER
964	PERJURY
965	PERMIT
966	PERSON
967	PESTLE
968	PETROLEUM
969	PHYSICIAN
970	PICK
971	PICK UP
972	PICTURE
973	PIECE
974	PIERCE
975	PIG
976	PILE UP
977	PILL
978	PIN
979	PINCH
980	PINE
981	PISS
982	PIT (POTHOLE)
983	PITCHFORK
984	PITY
985	PLACE (POSITION)
986	PLAIN
987	PLAIT
988	PLAIT OR BRAID OR WEAVE
989	PLANT (SOMETHING)
990	PLANT (VEGETATION)
991	PLATE
992	PLAY
993	PLOUGH
994	POCKET
995	POINTED
996	POISON
997	PONCHO
998	POOR
999	PORT
1000	POST
1001	POSTCARD
1002	POT
1003	POTATO
1004	POUCH
1005	POUND
1006	POUR
1007	POWERFUL
1008	PRAISE
1009	PRAY
1010	PREACH
1011	PRECIOUS
1012	PRECIPICE
1013	PREGNANT
1014	PREPARE
1015	PRESERVE
1016	PRESIDENT
1017	PRESS
1018	PREVENT
1019	PRICE
1020	PRISON
1021	PRISONER
1022	PRODUCE
1023	PROMISE
1024	PROSTITUTE
1025	PROTECT
1026	PROUD
1027	PUBIC HAIR
1028	PULL
1029	PULL OFF (SKIN)
1030	PUMA
1031	PUMPKIN
1032	PUNISHMENT
1033	PUPIL (STUDENT)
1034	PURSUE
1035	PUS
1036	PUSH
1037	PUT
1038	PUT ON
1039	QUARREL
1040	QUEEN
1041	QUIET
1042	RABBIT
1043	RAFT
1044	RAFTER
1045	RAG
1046	RAIN (PRECIPITATION)
1047	RAIN (RAINING)
1048	RAINBOW
1049	RAISE (A CHILD)
1050	RAKE
1051	RAM
1052	RAPE
1053	RAPIDS
1054	RAT
1055	RAW
1056	RAZOR
1057	READ
1058	READY
1059	RECOGNIZE (SOMEBODY)
1060	RED
1061	REEF
1062	REFUSE
1063	REGRET
1064	RELATIVES
1065	REMAIN
1066	REMAINS
1067	REMEMBER
1068	REPAIR
1069	RESCUE
1070	REST
1071	RESULT IN
1072	RETREAT
1073	RETURN HOME
1074	RIB
1075	RICE
1076	RICH
1077	RIDE
1078	RIDGEPOLE
1079	RIGHT
1080	RING
1081	RING (MAKE SOUND)
1082	RINSE
1083	RIPE
1084	RIPEN
1085	RISE (MOVE UPWARDS)
1086	RIVER
1087	ROAD
1088	ROAR (OF SEA)
1089	ROAST (SOMETHING)
1090	ROAST OR FRY
1091	ROLL
1092	ROOF
1093	ROOM
1094	ROOSTER
1095	ROOT
1096	ROPE
1097	ROT
1098	ROTTEN
1099	ROUGH
1100	ROUGH (OF SEA)
1101	ROUND
1102	ROW
1103	RUB
1104	RUDDER
1105	RUG
1106	RULE
1107	RUN
1108	RYE
1109	SACK
1110	SAGO PALM
1111	SAIL
1112	SAILCLOTH
1113	SALT
1114	SALTY
1115	SAME
1116	SAND
1117	SANDFLY
1118	SAP
1119	SATURDAY
1120	SAUCER
1121	SAUSAGE
1122	SAW
1123	SAY
1124	SCALE
1125	SCAR
1126	SCOLD
1127	SCORPION
1128	SCRAPE
1129	SCRATCH
1130	SCULPTOR
1131	SEA
1132	SEASON
1133	SECOND
1134	SECRET
1135	SEE
1136	SEED
1137	SEEM
1138	SEIZE
1139	SELL
1140	SEND
1141	SEPARATE
1142	SERVANT
1143	SET (HEAVENLY BODIES)
1144	SEVERE
1145	SEW
1146	SHADE
1147	SHAKE
1148	SHALLOW
1149	SHAMAN (FOLK HEALER)
1150	SHARE
1151	SHARK
1152	SHARP
1153	SHARPEN (SOMETHING)
1154	SHE
1155	SHEARS
1156	SHEEP
1157	SHELF
1158	SHELL
1159	SHIELD
1160	SHIN
1161	SHINE
1162	SHIP
1163	SHIRT
1164	SHIT (DEFECATE)
1165	SHIVER
1166	SHOE
1167	SHOOT
1168	SHOP
1169	SHORE
1170	SHORT
1171	SHOULDER
1172	SHOULDERBLADE
1173	SHOUT
1174	SHOVEL
1175	SHOW
1176	SHRIEK
1177	SHUT
1178	SIBLING
1179	SIBLING'S CHILD
1180	SICK
1181	SIDE
1182	SIEVE
1183	SILVER
1184	SIMILAR
1185	SIN
1186	SING
1187	SINK (DESCEND)
1188	SISTER
1189	SIT
1190	SIT DOWN
1191	SKIN
1192	SKIN (OF FRUIT)
1193	SKIRT
1194	SKULL
1195	SKY
1196	SLAB
1197	SLAVE
1198	SLEEP
1199	SLEEP (STATE)
1200	SLICE
1201	SLIP
1202	SLOW
1203	SMALL
1204	SMELL (PERCEIVE)
1205	SMELL (STINK)
1206	SMILE
1207	SMOKE (EMIT SMOKE)
1208	SMOKE (EXHAUST)
1209	SMOKE (INHALE)
1210	SMOOTH
1211	SNAIL
1212	SNAKE
1213	SNEEZE
1214	SNIFF
1215	SNOW
1216	SOFT
1217	SOLDIER
1218	SOLID
1219	SOME
1220	SOMETIMES
1221	SON
1222	SON-IN-LAW (OF MAN)
1223	SON-IN-LAW (OF WOMAN)
1224	SONG
1225	SOON
1226	SOUND (OF INSTRUMENT OR VOICE)
1227	SOUND OR NOISE
1228	SOUP
1229	SOUR
1230	SOUTH
1231	SOW (FEMALE PIG)
1232	SOW SEEDS
1233	SPACE (AVAILABLE)
1234	SPADE
1235	SPEAK
1236	SPEAR
1237	SPECTACLES
1238	SPEECH
1239	SPIDER
1240	SPIDER WEB
1241	SPIN
1242	SPINDLE
1243	SPINE
1244	SPIRIT
1245	SPIT
1246	SPLASH
1247	SPLEEN
1248	SPLIT
1249	SPOIL (BECOME SPOILED)
1250	SPOIL (SOMEBODY OR SOMETHING)
1251	SPOON
1252	SPREAD OUT
1253	SPRING (OF WATER)
1254	SPRING OR WELL
1255	SPRINGTIME
1256	SQUEEZE
1257	STAB
1258	STABLE
1259	STALLION
1260	STAND
1261	STAND UP
1262	STAR
1263	STATE (POLITICS)
1264	STATUE
1265	STEAL
1266	STEAM
1267	STEP (VERB)
1268	STEPDAUGHTER
1269	STEPFATHER
1270	STEPMOTHER
1271	STEPSON
1272	STICK
1273	STILL (CONTINUING)
1274	STINGY
1275	STINKING
1276	STOCKING
1277	STOMACH
1278	STONE
1279	STONE OR ROCK
1280	STORE
1281	STORM
1282	STORM CLOUDS
1283	STORY
1284	STOVE
1285	STRAIGHT
1286	STRANGER
1287	STRAP
1288	STREAM (FLOW CONTINUOUSLY)
1289	STREET
1290	STRENGTH
1291	STRETCH
1292	STRIKE OR BEAT
1293	STRING
1294	STROKE (OF PEN)
1295	STRONG
1296	STUDY
1297	STUPID
1298	STUTTER
1299	SUCCEED
1300	SUCK
1301	SUDDENLY
1302	SUGAR
1303	SUGAR CANE
1304	SUMMER
1305	SUMMIT
1306	SUN
1307	SUNDAY
1308	SURPRISED
1309	SURRENDER
1310	SUSPECT
1311	SWALLOW
1312	SWAMP
1313	SWARM (OF BIRDS)
1314	SWAY
1315	SWEAR
1316	SWEEP
1317	SWEET
1318	SWEET POTATO
1319	SWELL
1320	SWELLING
1321	SWIM
1322	SWING (MOVEMENT)
1323	SWING (SOMETHING)
1324	SWORD
1325	TABLE
1326	TAIL
1327	TAKE
1328	TALK
1329	TALL
1330	TASTE (SOMETHING)
1331	TASTY
1332	TEACH
1333	TEACHER
1334	TEAR (OF EYE)
1335	TEAR (SHRED)
1336	TELL
1337	TEMPLE
1338	TEMPLES
1339	TENDON
1340	TENT
1341	TERMITE
1342	TESTICLES
1343	THAT
1344	THATCH
1345	THAW (DEW)
1346	THEIR
1347	THEN
1348	THERE
1349	THEY
1350	THICK
1351	THIEF
1352	THIGH
1353	THIN
1354	THIN (OF SHAPE OF OBJECT)
1355	THIN (SLIM)
1356	THING
1357	THINK
1358	THINK (BELIEVE)
1359	THINK (REFLECT)
1360	THIRD
1361	THIRST
1362	THIS
1363	THITHER (THERE TO)
1364	THOU
1365	THOUGHT
1366	THREAD
1367	THREATEN
1368	THREE
1369	THRESH
1370	THRESHING-FLOOR
1371	THROAT
1372	THROW
1373	THUMB
1374	THUNDER
1375	THUNDER (VERB)
1376	TIDE
1377	TIE
1378	TIE UP (TETHER)
1379	TIME
1380	TINKLE
1381	TINPLATE
1382	TIP (OF OBJECT)
1383	TIP (OF TONGUE)
1384	TIRED
1385	TOBACCO
1386	TODAY
1387	TOE
1388	TOGETHER
1389	TOMORROW
1390	TONE (MUSIC)
1391	TONGUE
1392	TOOL
1393	TOOTH
1394	TOP
1395	TORCH OR LAMP
1396	TORTOISE
1397	TOUCH
1398	TOWEL
1399	TOWER
1400	TOWN
1401	TRADE OR BARTER
1402	TRANSLATE
1403	TRAP (CATCH)
1404	TRAP (PITFALL)
1405	TREE
1406	TREE STUMP
1407	TREE TRUNK
1408	TROUGH
1409	TRUE
1410	TRUTH
1411	TRY
1412	TUMBLE (FALL DOWN)
1413	TURN
1414	TURN (SOMETHING)
1415	TURN AROUND
1416	TURTLE
1417	TWICE
1418	TWINS
1419	TWIST
1420	TWO
1421	UDDER
1422	UGLY
1423	UNCLE
1424	UNDERSTAND
1425	UNRIPE
1426	UNTIE
1427	UP
1428	UPPER ARM
1429	UPPER BACK
1430	URGE (SOMEONE)
1431	URINE
1432	VAGINA
1433	VALLEY
1434	VEGETABLES
1435	VEIL
1436	VEIN
1437	VICTORY
1438	VILLAGE
1439	VINE
1440	VIOLENCE
1441	VOICE
1442	VOMIT
1443	VULTURE
1444	VULVA
1445	WAGES
1446	WAIST
1447	WAIT (FOR)
1448	WAKE UP
1449	WALK
1450	WALK (TAKE A WALK)
1451	WALKING STICK
1452	WALL (OF HOUSE)
1453	WANT
1454	WARE
1455	WARM
1456	WASH
1457	WASP
1458	WATCH
1459	WATER
1460	WATERFALL
1461	WAVE
1462	WE
1463	WE (EXCLUSIVE)
1464	WE (INCLUSIVE)
1465	WE TWO (INCLUSIVE)
1466	WEAK
1467	WEALTH
1468	WEAPONS
1469	WEATHER
1470	WEAVE
1471	WEDDING
1472	WEEK
1473	WEIGH
1474	WEIGHT
1475	WELL
1476	WEST
1477	WET
1478	WHALE
1479	WHAT
1480	WHEAT
1481	WHEEL
1482	WHEN
1483	WHERE
1484	WHICH
1485	WHISPER
1486	WHISTLE
1487	WHITE
1488	WHITE-LIPPED PECCARY
1489	WHITHER (WHERE TO)
1490	WHO
1491	WHY
1492	WIDE
1493	WIDOW
1494	WIDOWER
1495	WIFE
1496	WIND
1497	WINDOW
1498	WINE
1499	WING
1500	WINTER
1501	WIPE
1502	WISE
1503	WITH
1504	WITHOUT
1505	WOLF
1506	WOMAN
1507	WOMB
1508	WOOD
1509	WOOL
1510	WORD
1511	WORK (ACTIVITY)
1512	WORK (LABOUR)
1513	WORLD
1514	WORM
1515	WORSHIP
1516	WOUND
1517	WRAP
1518	WRIST
1519	WRITE
1520	WRONG
1521	YAM
1522	YARD
1523	YEAR
1524	YELLOW
1525	YES
1526	YESTERDAY
1527	YOLK
1528	YOU
1529	YOUNG
1530	YOUNG MAN
1531	YOUNG WOMAN
1532	YOUNGER BROTHER
1533	YOUNGER SIBLING
1534	YOUNGER SISTER
1535	ZERO
